#{"t_start": 1700735665.0540152, "env_id": "turbolander-2d-custom-v1"}
r,l,t
-94.897799,50,0.335212
-98.344295,48,0.360398
-84.807407,58,0.390013
-102.008072,51,0.418045
-100.896218,52,0.447161
-82.511199,57,0.477641
-93.391332,53,0.50486
-109.580167,88,0.554753
-93.815338,52,0.583294
-110.020025,58,0.614506
-102.020028,58,0.644978
-102.168032,50,0.671093
-89.239027,51,0.701343
-116.480832,71,0.740392
-98.118785,53,0.769464
-94.526976,42,0.792273
-95.547208,60,0.831785
-149.925388,75,0.872586
-90.910393,53,0.901462
-89.557162,62,0.937066
-91.342446,54,0.970377
-112.566312,50,1.001619
-90.034345,53,1.036091
-92.422109,52,1.064492
-138.587054,72,1.106472
-96.240812,49,1.133351
-90.735523,55,1.162107
-118.799847,68,1.194788
-87.828084,69,1.232899
-101.788259,59,1.260953
-92.474892,52,1.285761
-99.133919,50,1.312601
-102.464146,54,1.346099
-90.096489,44,1.370291
-102.228068,58,1.400223
-95.602925,59,1.4308
-97.951276,56,1.470251
-92.943457,55,1.49766
-113.636423,60,1.527443
-106.679643,53,1.560627
-95.484516,51,1.589534
-99.778088,56,1.618405
-106.282033,50,1.646086
-101.190232,67,1.680347
-92.746301,57,1.714189
-108.104657,52,1.743805
-92.217605,47,1.769171
-100.626528,54,1.797704
-93.871902,49,1.827129
-93.866341,58,1.858117
-95.016105,55,1.886082
-79.32383,53,1.91366
-98.409455,59,1.950588
-94.275657,50,1.976886
-99.89263,63,2.010126
-90.265101,46,2.033805
-100.199935,53,2.067302
-113.496723,56,2.097991
-121.556795,57,2.128204
-107.944771,51,2.157278
-102.031254,93,2.209363
-112.355546,51,2.237052
-120.705104,80,2.281349
-107.115954,89,2.33432
-105.79459,53,2.369414
-111.437647,60,2.400332
-97.530935,62,2.432707
-91.500921,52,2.46149
-75.730334,49,2.491727
-89.191566,77,2.533711
-86.562566,57,2.567118
-126.930646,75,2.605975
-102.384226,56,2.639539
-95.581782,54,2.670963
-94.946301,50,2.697923
-101.817318,60,2.729181
-98.951304,49,2.759141
-98.080065,54,2.790803
-111.301228,48,2.816843
-100.955158,53,2.844399
-81.832787,58,2.883108
-97.835054,56,2.914237
-98.263386,50,2.942101
-82.9381,56,2.975073
-81.76051,62,3.010116
-120.821203,50,3.035791
-105.778859,47,3.060254
-98.641455,56,3.091058
-97.684877,45,3.117194
-142.735912,85,3.162964
-103.906835,51,3.193032
-74.380311,64,3.226537
-102.728346,50,3.256465
-91.437518,54,3.287347
-97.52879,51,3.314323
-92.310659,57,3.344192
-95.455381,52,3.376975
-81.720957,62,3.413135
-97.001543,55,3.44205
-104.554908,51,3.469072
-91.867153,65,3.51385
-95.712633,48,3.543535
-111.838424,46,3.570793
-95.07545,54,3.604714
-101.376736,51,3.637051
-123.906894,69,3.673431
-99.161969,55,3.70757
-93.398038,56,3.741467
-101.169935,61,3.778178
-88.867367,55,3.811362
-92.948586,63,3.849146
-83.875823,147,3.940497
-112.170636,60,3.975234
-90.863512,54,4.007296
-99.727697,55,4.043297
-98.266732,61,4.079501
-88.647705,65,4.117827
-95.326564,48,4.140395
-102.960019,54,4.16713
-94.733861,64,4.19688
-107.037954,53,4.226594
-97.267354,53,4.255333
-100.623804,48,4.280915
-104.089877,53,4.313359
-97.618932,72,4.355964
-97.450253,47,4.381335
-84.821759,58,4.415629
-111.197647,56,4.444896
-92.664477,50,4.475232
-106.841814,60,4.506324
-85.17726,55,4.540331
-92.308842,51,4.567151
-99.369972,49,4.596325
-88.403336,60,4.630848
-106.170178,50,4.658416
-98.581648,57,4.688155
-95.427729,51,4.721129
-92.455218,52,4.749165
-89.875828,55,4.779286
-119.924995,55,4.808183
-122.461233,55,4.842774
-99.326316,71,4.879335
-109.924108,56,4.910019
-94.086981,54,4.940272
-140.051841,77,4.983616
-96.151904,72,5.025172
-123.769356,59,5.057268
-106.836935,56,5.090035
-111.244995,58,5.123875
-130.172544,74,5.167188
-111.12812,65,5.202476
-98.124824,56,5.233574
-95.026405,48,5.264006
-88.873574,71,5.303017
-97.349403,48,5.328297
-121.018776,58,5.362528
-92.779573,63,5.399873
-90.294489,53,5.427824
-137.070931,93,5.482259
-93.393144,55,5.511535
-95.231641,58,5.548654
-130.106135,57,5.578558
-106.453866,55,5.604075
-96.207559,54,5.629097
-100.573861,57,5.660615
-94.424575,57,5.688025
-86.798511,57,5.716063
-97.413894,50,5.74635
-88.413605,50,5.777612
-92.854145,63,5.812963
-102.620491,55,5.84215
-94.102905,51,5.874567
-91.179172,78,5.920088
-92.763046,53,6.441592
-42.24921,48,6.816907
-2.693867,54,7.179333
-42.263743,53,7.548457
-49.216953,63,7.922382
-47.410599,70,8.356736
-5.818461,53,8.868799
-30.976268,56,9.205928
1.508548,68,9.81757
12.468882,75,10.815374
-14.246675,51,11.368239
-34.824595,50,11.77875
-27.220917,54,12.562
-41.622258,50,13.06105
5.528981,55,13.473721
-12.721951,51,13.932465
0.278217,48,14.466394
-14.610962,57,14.943744
-12.468174,61,15.443631
-40.648238,58,16.035339
-10.745379,55,16.514011
-39.175988,50,17.111304
-14.416649,49,17.563569
-25.142605,54,17.934775
-29.4406,52,18.341063
-35.695943,50,18.791221
-0.969732,57,19.187377
-16.024098,53,19.629793
-39.116359,48,20.176856
-27.302149,70,20.614578
-7.253432,50,21.167198
-1.066623,53,21.579572
-52.374853,50,22.01438
-25.845084,52,22.485349
-53.24098,53,22.905557
-51.691409,54,23.414894
-56.543819,48,23.871893
-40.452423,50,24.237423
8.47017,69,24.632418
-30.383667,59,25.139059
-55.375496,65,25.620354
1.528737,55,26.153609
6.98145,53,26.59586
-62.170499,56,27.034344
-53.899136,57,27.474565
-8.397915,64,27.921424
-13.885105,53,28.358435
-58.9181,56,28.764122
-7.452861,60,29.189726
-27.681192,55,29.64486
3.664283,70,30.078724
-4.773614,51,30.600243
-3.800299,62,30.992452
-48.433515,58,31.453743
-16.164526,58,31.891255
-38.963099,50,32.323053
8.921169,54,32.704895
-2.58418,59,33.115843
-24.294141,51,33.556396
9.435536,72,33.961784
-4.057556,72,34.499667
16.977535,59,35.001218
-19.880808,67,35.450472
-55.623018,55,35.95086
-30.156871,62,36.376498
-42.479478,48,36.83537
-147.513677,74,37.221003
-128.965934,171,37.872282
-14.259938,57,39.035606
-25.072491,50,39.463568
8.62833,59,39.855567
-128.070777,172,40.805564
-49.638978,171,42.150416
-12.265554,55,43.267885
-28.228248,58,43.677479
5.941698,56,44.109263
-109.021311,196,44.645025
-71.183789,98,46.019443
-109.428682,101,46.761416
-159.945571,94,47.554095
-72.110228,111,48.331142
-56.224786,136,49.359357
-155.600383,110,50.551492
-50.014609,160,51.633901
-148.226864,165,53.376124
-78.393348,108,55.035492
-100.586032,128,56.165424
-135.628413,91,57.235951
-55.697654,99,57.961887
-92.962361,146,58.732852
-85.018075,187,59.834957
-44.390222,129,62.011088
-41.882122,145,63.188778
-64.361405,175,64.79565
-64.585418,154,66.079032
-85.121708,143,67.230335
-62.550772,118,68.321617
-90.16381,84,69.151079
-47.916617,132,69.775126
-99.093359,139,70.775289
-19.708086,176,71.940135
-167.062132,164,73.244884
-117.611901,144,74.426408
-79.079254,97,75.48933
-59.979741,79,76.183968
-86.593985,148,76.818514
-27.815096,183,77.887824
-65.040682,148,79.215945
-188.037758,142,80.343851
-133.495689,81,81.597066
-153.547384,204,82.683229
-171.432899,87,84.972289
-140.15735,74,85.577851
-102.570948,90,86.124181
-142.817574,75,86.762153
-85.568936,138,87.502069
-95.479334,113,88.551257
-105.66309,98,90.648635
-173.986047,180,91.686832
-88.97801,115,92.983856
-188.864559,192,93.91054
-48.364625,93,95.223675
-96.585697,154,95.958034
-85.804913,73,97.002211
-23.48248,184,97.628037
14.651045,97,98.895191
-87.31921,111,99.621539
-66.947985,133,100.458093
-50.11391,156,101.407515
-95.310509,84,102.372203
11.31212,67,102.910139
-83.435903,279,103.577806
-115.265145,207,105.52284
-67.037417,169,106.963885
-12.908835,142,108.163074
23.982,71,109.148623
-74.210764,122,109.720702
-55.974077,237,110.701567
-91.662757,115,112.301678
-84.34021,74,113.071182
-119.857442,121,113.640835
-25.431786,136,114.528497
-111.968439,206,115.568082
12.493197,71,116.909895
-106.237384,74,117.428716
-101.387252,91,117.977261
-52.086529,109,118.651127
-76.939847,258,119.638605
-75.360447,108,121.375932
15.667178,88,122.123837
-90.935344,89,122.756365
-140.636991,143,123.431465
-8.662424,102,124.418942
-73.689647,161,125.2113
-183.761673,216,126.389363
-60.861124,109,127.864989
-81.57843,167,128.704206
-86.194519,106,129.806775
-40.091712,106,130.574894
-3.542209,177,131.39978
-35.216442,97,132.608082
-6.212423,139,133.348565
10.22962,169,134.36645
-67.584915,92,135.518522
-66.444005,128,136.208932
-70.299833,140,137.141533
28.940128,141,138.125648
-48.267972,117,139.129333
-78.724232,131,139.984151
-64.468284,186,140.963056
-41.589215,200,142.313169
45.116931,200,143.708217
-58.35672,204,145.152667
-9.686572,100,146.533342
-78.406003,161,147.279969
-22.448912,227,148.773117
-4.532055,269,150.621336
-165.219665,227,152.532614
0.067228,302,154.285681
-87.608102,133,156.457779
-21.606696,252,157.557758
-65.211647,63,159.319317
1.492869,221,159.901169
-43.385519,205,161.533492
-28.363058,375,164.552577
-48.125729,359,167.401218
15.705946,145,169.954175
-87.503576,133,171.001655
-41.863682,121,172.020718
-82.843742,215,173.032991
-6.102973,258,174.727128
-89.09696,90,176.57833
-18.867402,261,177.406106
14.239396,108,179.216187
10.906922,132,180.031944
-70.665118,79,180.949984
12.659049,122,181.575475
4.847662,86,182.485584
-49.626521,121,183.158367
9.934691,133,184.023311
-9.683361,380,185.123937
-46.220276,70,187.7022
-132.353529,145,188.280458
-160.51819,214,189.379328
-168.308006,127,192.323164
-29.848631,74,196.099109
-9.197479,197,200.710718
-75.23998,272,211.39969
-20.550084,113,218.413566
12.430816,104,219.2388
-70.839913,159,220.06292
-38.769077,215,221.28348
-175.440385,298,222.946584
-100.75028,146,225.000738
-95.343262,92,225.992592
-44.956046,147,226.727834
23.027814,389,228.027429
-44.774245,82,230.592276
37.030265,80,231.193325
10.01974,500,232.151024
-47.448405,500,235.824806
-95.797587,461,239.425571
8.58291,167,242.572026
13.341448,392,244.030953
-100.073164,406,246.991171
-66.240371,240,249.793268
-28.116436,124,251.430598
50.940065,158,252.343631
-55.560494,500,253.800124
-38.470527,77,257.081898
-43.242775,215,257.737867
-93.535843,439,261.48533
-45.075864,241,264.515382
-34.286315,224,266.279197
-39.746482,274,267.955144
-43.839151,128,269.805586
24.020829,253,270.842875
-45.087297,141,272.587701
22.197145,435,273.879081
-11.799056,178,276.838367
46.293045,150,278.111461
-103.787333,475,279.479874
46.87619,104,282.62368
-82.158745,160,283.450206
-81.953001,124,284.585432
-114.680071,281,285.618144
17.51682,230,287.605774
-19.538161,209,289.286143
-81.18578,483,291.052121
-95.319577,264,294.151002
-68.019026,301,296.102503
29.668205,98,298.134838
-76.677479,141,298.863452
-68.371498,111,299.868402
-17.906537,183,300.74406
-62.446603,185,302.09234
-119.083014,414,303.632246
-57.39236,141,306.422141
-49.871906,153,307.417615
-146.76557,309,308.671023
-71.73781,208,310.818462
-45.157531,127,312.217069
-61.317492,220,313.242513
40.282377,110,314.78579
-25.365164,152,315.614528
-11.469135,328,316.855378
-84.35368,234,319.198302
54.285863,131,320.812465
-15.418477,150,321.774014
21.870702,113,322.850405
-102.134142,166,323.737205
-60.579195,151,324.94861
-72.556129,119,326.02079
-136.7402,181,326.936913
23.408738,77,328.161293
-51.634423,214,328.865193
-17.18249,245,330.451382
-87.125262,166,332.189802
-151.052735,388,333.557263
-126.94953,481,338.121833
-9.647552,422,341.597789
-45.407955,99,344.405914
-3.201055,124,345.153556
-2.010701,500,346.38626
-103.545327,177,349.780013
-29.677126,117,351.047488
-99.718377,393,352.154904
11.088733,85,354.785797
18.821902,500,355.779997
-26.834285,222,359.235444
-48.111188,114,360.801599
-139.13236,253,361.779585
22.910505,292,363.645111
-153.078361,440,365.920235
-172.824369,265,369.064846
-80.16644,118,370.862638
-56.649331,194,371.806445
8.238374,500,373.515371
-74.334755,163,376.717148
-91.030695,367,378.115778
11.130691,74,380.614232
-156.9354,405,381.447807
-68.6632,161,384.251256
17.076497,185,385.485853
-102.347831,365,386.986892
-6.479631,443,389.76017
-62.054188,222,392.87767
-1.03166,500,394.743936
22.60437,182,398.213406
-98.58489,349,399.664271
-32.105193,305,402.199511
-72.359258,397,404.531342
-2.813899,195,407.293777
-79.141964,429,408.954153
-96.394606,465,413.703383
11.966194,500,417.236297
-125.099676,142,420.635279
-88.090689,172,421.723973
14.598721,236,423.066049
-107.872168,201,424.817871
13.829085,203,426.324893
-115.715742,258,427.896109
-23.739832,203,429.785294
-71.013054,280,431.378729
-23.095724,477,433.654441
-64.29058,498,437.298298
6.769418,79,440.744632
-135.164446,439,441.664343
36.583141,104,444.690292
-75.640526,200,445.570669
-93.448126,265,447.141178
-27.165461,221,449.142375
16.995392,437,450.987678
-87.965142,251,454.158839
-86.013153,319,456.17915
-87.559802,197,458.583843
-86.96719,94,459.905802
-81.018569,187,460.638834
4.436195,261,462.190602
21.15703,87,464.06139
15.423476,191,464.812066
-60.245362,203,466.277671
-97.239718,101,467.727367
39.436566,389,468.736932
-153.427809,173,471.511477
40.959675,110,472.781259
-117.243731,98,473.577779
24.223557,109,474.337474
7.064208,500,475.487734
-24.306243,92,478.962559
-12.143294,220,479.777894
-2.64362,500,481.722227
-58.700371,260,485.408226
2.598749,500,490.03413
-103.153713,366,493.744658
-101.822013,326,496.519876
-13.148082,312,498.999384
-54.426893,316,501.442701
-40.531992,447,504.013385
31.730547,163,507.276626
-53.882575,159,508.532742
-43.431351,68,509.708901
-80.296131,456,510.573568
31.465597,500,514.181656
32.8813,80,517.695805
-22.166677,152,518.373441
-34.946874,185,519.638677
19.703616,239,521.200243
30.887508,95,522.917782
-10.795463,472,523.988359
-52.787264,500,527.811172
-0.902563,382,533.65393
-8.815159,144,553.832615
3.395285,76,556.243784
-101.02495,137,556.868973
2.95825,293,558.04444
-103.313719,263,560.212434
-80.043449,283,562.230154
-32.495529,239,564.387077
35.594285,81,566.081553
6.344418,359,566.895506
4.963706,245,569.465504
49.152057,427,571.507699
-161.697135,432,574.83703
17.627922,500,578.239141
32.997747,79,581.718701
14.504367,156,582.396923
6.257075,500,583.913725
-82.017215,143,587.494331
27.493172,85,588.574624
-31.740705,391,591.585642
-43.115494,380,594.615024
-2.10627,321,597.503672
-46.435359,161,599.905554
-10.92327,242,601.231496
-67.07796,333,603.216579
23.88374,99,605.621467
24.932234,311,606.588935
-79.392383,235,608.982642
19.54655,122,610.73761
32.59017,500,611.994661
39.714099,500,615.96941
-4.315143,497,619.904596
3.484545,335,623.689197
-90.92323,117,626.189679
23.991285,105,627.125416
36.886086,95,627.963348
23.765241,219,628.817439
-6.760328,448,630.762959
19.571519,316,634.256528
6.666413,361,636.840212
-103.508494,456,639.782687
12.655119,197,643.191754
8.10318,500,644.992801
35.331351,194,648.746623
6.96995,500,650.540372
2.764475,136,654.221064
-114.887889,126,655.30249
30.797315,120,656.312397
-10.988682,335,657.466941
-80.702758,128,659.964331
-70.542096,113,660.992855
22.348587,128,661.9107
-73.560415,170,662.99219
-7.443788,155,664.325662
-67.552781,242,665.639283
-20.264141,500,667.812416
-83.334877,127,673.150991
1.582421,500,674.493057
11.468403,175,678.252607
16.771666,500,679.921598
-84.423735,265,683.784748
28.970273,109,685.791712
-24.195934,320,686.857929
45.557716,139,689.2841
-53.552657,60,690.361292
34.956979,105,690.88413
22.309264,399,691.986485
11.077213,131,694.999803
19.752884,166,696.099951
7.352243,500,697.92118
176.853824,122,701.527211
-20.096993,157,702.557599
25.963741,397,704.014666
-30.374564,181,706.995981
-15.41875,201,708.439094
18.899505,469,710.255775
-76.867723,74,713.707977
16.790492,463,714.615523
9.706969,389,718.28559
-144.284684,500,721.484146
185.794186,446,725.466772
25.900731,112,728.783192
-2.554093,500,729.997172
-9.82516,184,733.784585
30.845137,340,735.42779
-47.07162,460,738.270062
183.114754,282,741.896098
-9.918407,125,744.065918
-45.288402,441,745.377549
181.241453,210,748.792175
-135.763153,116,750.417834
-5.106965,319,751.523978
-45.08113,298,755.711357
17.210599,103,758.177688
-31.689291,251,759.164394
172.639778,368,761.365292
28.603538,169,764.355808
-11.966375,223,765.825657
-21.167463,188,767.687336
-61.922732,123,769.196906
-91.408288,239,770.349506
-13.3713,500,772.587163
21.296909,72,776.362556
10.951808,65,776.956283
15.296071,111,777.558848
-31.923445,256,778.586977
-0.505801,161,780.678657
19.073043,500,782.336414
27.019634,61,786.206546
5.871493,96,786.749443
37.13374,500,787.912019
6.10278,110,791.864285
9.786298,253,792.933483
9.738661,75,794.918006
5.711093,116,795.589945
34.895852,426,796.844357
0.843008,119,800.193693
1.909765,137,801.229451
13.588906,500,802.6759
16.235882,186,806.645201
60.173545,89,808.149502
18.060396,158,808.946384
21.126516,66,810.210876
10.453488,134,810.832694
27.181128,70,811.916102
-33.095042,145,812.574164
-19.899178,500,814.093113
35.200536,500,818.306042
-95.185199,178,822.199775
15.353736,100,823.642917
-2.402577,109,824.494391
20.20145,392,825.637423
22.086673,169,828.758348
20.62066,93,830.089966
15.954911,75,830.861588
4.213507,211,831.595276
0.614531,75,833.261742
-87.196045,121,833.920027
26.17988,124,834.931152
-156.427288,333,836.148124
5.965071,385,839.873749
23.912028,83,842.827116
17.594253,88,843.526029
18.521835,416,844.523361
-78.814485,172,847.953741
-89.352301,117,849.332517
-1.902055,157,850.347878
-68.780027,166,851.668183
18.933869,73,852.986537
-19.164379,158,853.674873
30.981524,104,854.964954
32.382711,500,856.217939
21.470069,286,860.449575
3.128302,83,862.723817
-10.871969,288,863.606136
-11.684957,312,866.090652
-128.624858,159,868.628489
-33.374536,265,870.049269
-6.175594,253,872.273231
-37.061648,314,874.430686
13.793266,500,877.241137
44.356885,94,881.057612
13.464718,120,881.874446
31.640675,142,882.90705
-4.326936,139,884.069041
7.930615,500,885.542249
-89.935223,141,889.348528
-43.079533,190,890.590503
-80.493614,114,892.131526
35.182606,192,893.136394
-18.054579,267,894.820773
10.491939,500,897.222778
8.545879,223,901.173436
9.575954,103,902.941018
-65.085637,327,903.995886
-89.336566,206,906.52898
-116.73136,454,908.459891
19.571177,277,912.138519
46.207537,500,914.662091
-33.876224,146,918.542143
-14.650911,301,919.895493
42.652359,133,922.252776
15.817238,262,923.449643
40.169428,105,926.821951
-65.978225,184,927.761271
2.710297,343,929.407223
58.533469,139,932.059758
14.776323,94,933.159086
19.738071,385,934.210958
12.839855,371,937.367309
6.284534,303,940.428943
23.789286,189,942.888288
21.932854,500,944.738199
-1.514118,200,948.717515
1.063016,500,950.65856
-14.62187,324,954.699539
-177.564262,234,957.373214
19.955976,117,959.244323
18.671924,243,960.34516
22.233044,200,962.367551
6.722843,229,964.089141
8.949598,78,965.880589
-43.325231,102,966.556336
19.204073,153,967.495601
40.92241,379,968.978349
30.3384,318,972.079669
181.238061,137,974.547229
-86.516049,131,975.660206
204.302262,442,977.00043
-134.253827,207,980.422998
-24.581885,287,982.166825
14.024066,227,984.529377
51.388451,219,986.388648
2.035914,145,988.136696
15.068149,111,989.327508
19.212189,238,990.364227
-9.78184,98,992.240752
24.626858,210,993.1599
-0.690965,500,995.163328
162.137528,81,998.92363
161.867379,122,999.631085
22.250266,135,1000.65625
-124.363854,235,1001.848104
14.793089,105,1003.674423
-21.887237,500,1004.864538
-25.834523,500,1010.873035
-111.377892,89,1014.720844
-104.150749,84,1015.464199
-121.236968,161,1016.232595
-2.184368,345,1017.720393
6.765346,111,1020.416802
-87.410857,393,1021.573852
-13.174523,75,1024.604935
-165.264835,500,1025.591118
21.169364,169,1029.442068
19.727668,145,1030.819034
-25.797446,80,1031.956588
-10.063683,417,1032.892095
-12.187896,74,1036.034872
-2.270308,246,1036.786588
-149.8759,277,1038.840543
-18.137972,364,1041.225036
16.694607,478,1044.368121
7.134959,289,1048.172607
24.929193,500,1050.764179
36.851794,500,1054.947176
172.520306,139,1058.990028
-50.501,500,1060.466761
181.743765,118,1064.508257
3.760346,173,1065.628956
13.623617,145,1067.120183
10.916282,399,1068.57005
-87.918552,86,1071.581743
-122.08752,122,1072.327224
-0.321497,216,1073.47014
177.522953,150,1075.252477
6.369453,149,1076.543014
-14.650472,312,1077.95796
13.396799,500,1080.744998
-33.491535,83,1084.610971
-177.43998,141,1085.377253
36.338811,147,1086.586101
-3.671773,96,1087.79444
13.867432,336,1088.835326
30.257366,109,1091.54742
31.214458,168,1092.531233
-70.010312,231,1094.035991
25.54862,155,1097.41872
32.126652,197,1098.784837
10.346811,500,1100.721476
21.488956,130,1104.667943
-127.04419,284,1105.917809
164.118375,117,1108.238566
-27.299967,178,1109.293894
-53.542917,125,1112.486809
186.615799,137,1120.455074
-0.308942,407,1130.076773
19.398451,175,1138.912519
16.386101,321,1146.4037
69.129965,211,1164.029699
-45.75448,176,1165.713218
0.013146,158,1167.119502
13.785224,342,1168.569942
35.889086,500,1171.475034
-130.460455,387,1175.500645
180.873086,364,1178.612763
20.496428,134,1181.346534
43.723676,154,1182.461769
-30.654837,115,1183.688891
15.460593,164,1184.649821
-25.80529,424,1186.196037
-20.271183,105,1189.391443
35.107522,242,1190.366761
31.94935,219,1192.344004
-2.261813,500,1194.354003
178.989829,172,1198.191255
18.657362,500,1199.862422
-27.397086,77,1203.538354
-52.545194,92,1204.166887
67.279879,441,1205.212841
41.603564,146,1208.614491
11.509531,238,1209.861216
-40.889033,178,1211.77454
4.685788,162,1213.230964
40.671017,196,1214.579193
-48.257282,92,1216.086335
-115.921887,380,1217.076773
202.793891,185,1220.050471
37.938685,181,1221.552269
-48.662618,135,1223.012972
-46.363482,210,1225.951436
-121.315982,356,1227.76552
22.67476,130,1230.498665
1.872043,208,1231.625567
174.855643,77,1233.210678
-77.657063,126,1233.875304
12.480783,151,1234.93149
-119.268846,122,1236.149259
31.003997,136,1237.150634
-29.28036,500,1238.567259
6.819891,123,1242.360577
177.262732,152,1243.384432
-4.77897,500,1244.906456
-77.387849,207,1248.814887
-70.752667,178,1250.519028
21.42337,290,1252.094845
38.412702,122,1254.363524
62.323763,454,1255.626587
4.231223,316,1259.244813
19.277093,500,1262.000774
11.610583,197,1265.901839
26.868747,188,1267.534508
-131.02463,290,1269.198465
17.825777,266,1271.560889
-12.573584,71,1273.611371
8.21403,462,1274.530529
12.350942,231,1278.153266
181.20775,128,1279.982979
20.359396,91,1281.015304
39.700373,132,1281.807907
24.893091,215,1282.933841
-15.981499,78,1284.525647
-97.361449,106,1285.185404
15.782684,123,1286.062741
-94.184949,182,1287.168998
169.739527,72,1288.556748
181.162746,84,1289.152334
32.878285,110,1289.851221
2.867842,500,1291.080904
19.158585,183,1294.910876
26.714944,100,1296.344092
180.072147,87,1297.14858
162.059779,287,1298.044582
-23.564648,395,1300.491598
174.721954,91,1303.465012
-60.606823,500,1305.691574
176.908462,72,1309.461732
186.067767,315,1310.254019
31.328781,228,1312.775777
-12.62652,186,1314.602435
23.373425,67,1316.039945
16.588005,130,1316.636335
21.507011,101,1317.680897
33.925994,253,1318.635771
-9.728932,137,1320.622041
-131.754692,389,1321.959409
20.428297,73,1324.893851
19.97983,262,1325.663954
160.207005,187,1327.812765
20.020665,195,1329.367774
-31.662429,147,1330.93924
-59.406963,98,1332.129413
8.299684,207,1333.033168
0.859972,147,1334.681564
70.716353,290,1336.020965
-56.811899,228,1338.399472
9.830652,240,1340.298338
29.330523,119,1342.169699
19.45598,154,1343.175316
-8.903117,333,1344.612662
13.672171,302,1347.324354
9.617297,83,1349.630241
28.206815,122,1350.354649
21.873699,80,1351.335346
-104.332008,244,1352.117947
-92.970722,243,1354.151915
-2.545219,389,1356.287608
175.875642,115,1359.453861
-7.605283,194,1360.47998
28.990747,118,1362.102051
30.90806,245,1363.322287
-127.588465,102,1365.303992
45.997586,449,1366.448426
-37.919325,500,1370.303587
178.351108,103,1374.142499
33.328334,191,1375.106251
-82.924549,80,1376.646824
24.347703,192,1377.426013
25.126946,145,1379.01982
169.875397,76,1380.226918
-11.476598,141,1380.943294
-89.272286,82,1382.115999
13.768613,176,1382.902447
17.561936,81,1384.315929
12.132733,140,1385.061347
-98.526504,305,1386.372186
21.341557,149,1388.862594
31.861618,136,1390.134772
-7.401548,151,1391.329936
-6.041749,82,1392.584844
-13.740005,190,1395.060061
-164.084897,286,1396.764584
35.093779,135,1399.10992
-32.906054,500,1400.534559
166.298532,179,1404.4749
169.541162,87,1405.891906
1.203865,126,1406.674545
168.355023,268,1407.858548
-48.219511,89,1409.958858
16.064815,91,1410.711796
4.402388,252,1411.622541
15.019321,105,1413.662639
44.570172,200,1414.632566
-56.709475,500,1416.576794
14.185906,179,1420.582324
30.805859,205,1424.024568
32.462474,201,1434.695933
166.023248,102,1447.588579
192.232237,214,1448.695761
19.9353,164,1450.5085
3.664445,365,1452.115785
-14.427191,101,1455.044634
173.170836,149,1455.963884
-6.096315,309,1457.367601
39.407592,197,1459.930537
-35.336918,138,1461.529292
-4.968297,401,1462.968913
4.109698,89,1466.163662
184.168606,161,1466.992874
24.346655,168,1468.377672
175.108825,144,1469.803855
180.418705,98,1470.997448
-60.890497,500,1472.21146
-23.29093,500,1476.53491
-40.871472,160,1480.5214
39.296184,171,1481.809855
176.420481,163,1483.23908
24.858652,92,1484.600592
35.556237,424,1485.711238
40.376972,182,1489.14701
-86.313628,104,1490.638168
-70.131929,120,1491.549685
-8.014362,162,1492.634061
1.883444,79,1493.947819
26.719735,183,1494.728125
4.806654,78,1496.22405
-61.115944,128,1496.951388
-63.700359,366,1498.276866
192.076669,253,1502.93222
-83.598247,423,1505.271492
30.767017,71,1508.599153
176.853893,113,1509.249063
55.953855,276,1510.364597
171.753296,92,1512.600707
16.500524,115,1513.40205
-29.671905,78,1514.378033
15.564899,125,1515.106843
-14.626346,315,1516.363972
43.134595,146,1518.921176
25.035439,278,1520.301679
178.343565,84,1522.521776
-8.986428,111,1523.256896
35.824434,171,1524.25713
10.98544,108,1525.705443
25.554845,118,1526.669365
-76.585762,238,1527.814332
27.398899,93,1529.771248
179.047082,81,1530.585253
23.283406,235,1531.432412
-34.750495,234,1533.496827
184.402249,247,1535.549264
79.489128,187,1537.65236
172.899421,204,1539.29927
23.952504,221,1541.072786
22.770184,241,1543.017499
-100.21271,439,1545.264428
54.982168,85,1548.798955
74.536916,270,1549.688561
14.934797,71,1551.854742
14.135882,82,1552.475691
-59.472614,355,1553.381336
-9.759972,208,1556.322768
184.972945,127,1558.051363
-6.309478,222,1559.225711
23.411565,111,1561.034494
5.407815,449,1562.302144
12.789834,75,1565.736461
179.411643,436,1566.65048
24.079719,73,1570.083044
-173.894316,299,1570.90266
-178.36675,192,1573.434001
25.752948,168,1575.076688
-66.052616,68,1576.433661
-111.062224,351,1577.246554
-42.279392,383,1580.32896
178.298857,96,1583.360929
14.265183,101,1584.184906
74.499841,153,1585.096893
37.550405,207,1586.455369
16.053718,101,1588.140506
4.146279,78,1588.987084
25.953569,168,1591.35338
-49.392999,500,1593.094057
176.288402,82,1597.053209
25.832648,146,1597.818286
2.829508,152,1599.081538
195.38448,127,1600.36346
25.057934,128,1601.482857
-37.973669,122,1602.586685
24.227346,78,1603.616977
17.838311,269,1604.467278
179.637147,75,1606.636051
3.608967,87,1607.294089
-11.270458,267,1608.210992
18.727638,154,1610.39382
56.685227,80,1611.661982
11.084892,500,1612.726831
23.249972,120,1616.731327
-1.722394,421,1618.06221
36.403055,107,1621.411744
30.183655,167,1622.381593
32.612825,98,1623.751815
23.752751,74,1624.59709
25.799492,116,1625.269837
27.368876,90,1626.252899
23.238419,80,1627.018406
16.404205,161,1627.797743
17.839954,76,1629.115724
176.559147,89,1629.771561
1.25168,182,1630.622917
-99.027581,252,1632.255982
176.915037,70,1634.261041
-116.378002,87,1634.882609
-92.890021,439,1635.917574
-81.706539,435,1639.725148
82.114543,270,1643.190599
47.940043,83,1645.284972
21.228087,117,1646.00317
0.517931,201,1647.043171
-75.883764,303,1648.808136
183.423074,344,1651.218402
22.280608,164,1653.949394
14.322674,199,1655.35633
-95.828165,123,1657.210198
-38.878663,500,1658.591132
19.32163,318,1662.826376
35.109134,97,1665.376188
5.043508,115,1666.234602
-5.14375,280,1667.372504
55.87428,71,1669.579733
-35.986579,500,1670.576444
181.453618,92,1674.482396
70.955264,121,1675.306095
-8.460483,154,1676.34554
38.031041,98,1679.482606
20.330216,102,1680.335847
-36.897817,221,1681.309749
9.141283,239,1683.216532
28.128645,79,1685.113729
186.506781,121,1685.836681
18.617669,152,1686.907639
19.658471,99,1688.164854
10.315833,69,1689.003447
17.091033,102,1689.615382
23.431755,93,1690.482767
13.918814,500,1691.635722
-3.862595,270,1695.709905
-39.490891,66,1697.817795
38.513406,124,1698.429109
-7.445491,80,1699.425848
15.761098,129,1700.168246
-107.678134,150,1701.273433
15.73248,120,1702.531414
19.174295,214,1703.61024
180.979833,79,1705.351691
23.164033,210,1706.127455
9.170294,113,1707.823915
16.335017,334,1708.958471
169.101122,93,1711.597157
179.095412,73,1712.369649
-32.337702,247,1713.139322
203.228126,135,1715.135798
-8.241053,63,1716.217692
20.186828,179,1716.856438
10.342142,500,1718.671597
73.042307,203,1722.694061
172.69533,171,1724.417424
15.057617,79,1725.802967
-73.90706,246,1726.600017
-32.493231,90,1728.565218
-96.719571,100,1729.347974
9.969064,152,1730.216002
18.726492,165,1731.532237
68.090321,151,1732.956636
35.90028,98,1734.22732
20.932228,95,1735.069601
-6.235707,111,1735.907984
176.889283,83,1736.822582
24.587537,83,1737.468406
167.521814,135,1738.174875
7.471921,127,1739.317423
11.617605,66,1740.347007
15.661312,316,1741.146208
160.634464,67,1743.639613
14.1545,93,1744.195863
25.570063,500,1745.352825
182.255381,101,1749.429703
-2.580657,107,1750.301576
6.0207,228,1751.347893
-108.677986,292,1753.42528
-29.144517,168,1755.895171
31.994088,284,1757.474583
10.047272,500,1760.362151
20.664992,500,1765.608727
-89.458867,104,1770.579034
-114.632951,182,1771.512662
155.204454,456,1773.260624
45.915598,122,1776.864079
19.308052,173,1777.951748
-6.750266,68,1779.342299
-20.45735,500,1780.300635
-16.92792,105,1784.190034
-106.586892,101,1785.091967
11.11216,500,1786.295535
-124.51559,96,1790.277752
-105.080157,187,1791.18556
5.084023,78,1792.731161
178.180895,142,1793.457384
15.808848,72,1794.598584
55.953046,123,1795.250764
-201.15281,176,1796.33934
-118.295857,118,1797.792383
-172.073761,364,1799.027253
14.5404,85,1801.895001
-3.422827,81,1802.634657
22.33751,91,1803.348214
12.95465,116,1804.126292
-0.262085,117,1805.135807
-25.005293,261,1806.279904
13.917666,500,1808.740354
-33.807204,153,1812.782153
17.756925,104,1814.056959
44.017329,130,1814.99668
184.199564,254,1816.193774
35.164787,111,1818.289788
-123.929612,500,1819.582273
17.088899,113,1823.438473
16.31322,75,1824.381391
-54.402718,175,1825.123039
-152.704189,137,1826.602513
-75.520837,93,1827.757344
19.766801,165,1828.624889
175.636003,89,1829.976292
184.236082,81,1830.729855
-13.351383,115,1831.471946
6.239783,180,1832.521124
1.539659,467,1834.308547
11.578372,243,1838.138337
-97.941611,325,1840.314962
159.150983,85,1842.914254
-17.79181,123,1843.681937
-15.410383,113,1844.731262
30.989143,113,1845.712869
-77.701589,256,1846.814574
-25.151833,201,1848.959773
-68.879476,500,1851.982933
62.161744,124,1855.973893
40.798342,142,1857.031411
8.237355,309,1858.414102
188.569926,134,1860.977826
194.133112,234,1862.233748
18.454884,88,1864.137272
-14.817151,117,1864.919998
19.231668,346,1866.122197
9.735769,500,1869.252171
-16.696116,230,1873.303889
46.899764,264,1875.459476
33.425888,124,1879.204866
174.651596,87,1886.975712
-57.157562,212,1892.33849
26.831577,117,1903.087702
-28.243844,162,1904.107525
-19.005597,176,1905.480638
176.435952,68,1906.852188
-11.376926,304,1907.625999
-89.822014,500,1910.341622
-74.736503,287,1915.445208
3.369366,106,1918.070146
3.812158,124,1918.981537
22.956578,73,1919.968175
-32.50143,132,1920.621747
4.375825,115,1921.711913
173.004728,70,1922.656651
-55.202141,241,1923.957162
26.863153,111,1926.627059
8.636574,87,1927.835819
-84.233363,97,1928.888542
1.75704,108,1929.811522
-117.662048,247,1930.979847
7.191149,113,1933.509288
-35.959529,184,1934.457572
-22.381747,233,1936.131231
-13.439514,164,1938.179217
19.232936,116,1939.544604
-65.513753,368,1940.756254
-35.922584,204,1943.770357
-118.874174,174,1945.46768
0.624192,175,1947.638298
161.124926,99,1949.094846
-68.688188,206,1950.071976
15.031741,70,1951.76632
24.773816,195,1952.479845
9.811301,363,1954.296547
39.9374,79,1957.388381
12.109863,123,1958.110752
162.252728,426,1959.401597
-3.808254,393,1963.19245
-63.517655,369,1968.134202
-91.261185,172,1971.157737
182.749053,180,1972.793986
34.16359,147,1974.322732
58.584907,151,1975.597631
35.182877,121,1977.774718
7.846973,140,1978.833504
213.003007,192,1980.075408
32.43925,118,1981.64762
3.358762,162,1982.693074
-101.161922,170,1984.075413
-1.944287,135,1985.511717
9.825822,266,1986.796538
33.639194,145,1989.008039
-80.479095,166,1990.296995
46.251394,184,1991.766842
172.930909,88,1993.298872
-11.921552,223,1994.179489
-87.058601,500,1996.330998
39.740012,203,2000.378017
70.895036,104,2002.085826
-76.89105,209,2003.17227
40.661673,160,2004.955239
-35.867517,120,2006.322192
178.761459,80,2008.227381
-148.68558,133,2008.955798
21.981088,119,2010.072855
0.252175,136,2011.101729
35.102586,107,2012.219829
14.199088,172,2013.18841
-166.357067,210,2014.681238
-63.722179,500,2016.701672
-16.411168,420,2020.868
25.262614,87,2024.205295
8.189697,91,2025.001202
28.784646,218,2025.992408
167.810996,204,2027.871672
-24.97628,302,2029.743841
18.0004,204,2032.349224
8.074674,107,2034.075431
38.997882,120,2035.038207
46.131721,218,2036.195171
-46.224413,119,2038.656754
-30.146163,195,2039.742288
37.226997,165,2041.394636
56.864797,79,2042.758184
39.057922,145,2043.480601
42.023549,150,2044.743895
-115.337375,434,2046.257199
2.533325,103,2049.921061
57.729003,352,2051.041298
25.967993,112,2053.965714
201.669572,297,2055.121277
58.413372,93,2057.606747
10.383519,77,2058.407464
203.749744,170,2060.62555
24.19106,106,2062.06733
60.650507,81,2063.000301
32.229107,164,2063.841908
-152.369599,130,2065.256079
170.977971,220,2066.525487
40.449417,127,2069.011943
58.498359,73,2070.036271
32.440065,74,2070.653292
23.627334,112,2071.297275
-3.266125,500,2072.556388
32.4066,108,2076.437736
15.064171,113,2077.35523
32.57635,375,2078.53398
-51.245327,497,2081.79663
-162.23802,93,2085.608437
1.982511,324,2086.696314
78.408604,235,2090.034111
31.698231,86,2092.285551
22.200225,109,2093.181336
38.932018,124,2094.320934
-14.364313,285,2095.775465
-8.436009,91,2098.958958
-9.873828,224,2099.822456
-38.673625,257,2101.703519
-13.513053,123,2103.762984
-49.443508,143,2104.816724
-47.30819,274,2106.139856
175.323757,74,2108.293888
18.205662,81,2108.921239
3.50122,86,2109.60269
15.995973,88,2110.314478
47.573683,123,2111.092374
24.859643,103,2112.112471
21.008057,76,2112.96556
0.242548,96,2113.625112
176.10574,68,2114.40493
21.174606,500,2115.300019
32.591953,132,2119.137455
54.258824,185,2120.297935
-18.872672,288,2121.951401
2.256653,76,2125.025311
35.530957,91,2125.847133
20.347074,157,2127.538094
172.318012,102,2129.158816
25.885574,256,2130.139867
-133.535245,358,2132.446739
168.6454,102,2135.292591
42.988891,149,2136.200952
172.796352,73,2137.413707
53.539519,88,2138.073066
181.369206,451,2139.12711
43.852339,500,2143.052817
45.016391,129,2147.02379
30.423206,111,2148.132453
51.799505,102,2149.069901
58.423175,84,2149.92181
197.577022,100,2152.444468
169.776915,78,2153.443313
-0.987855,73,2154.114731
36.177109,491,2155.100537
-138.899935,241,2159.947994
-15.334681,122,2161.923821
36.785949,306,2163.106343
-102.407717,120,2165.628222
45.378776,267,2166.773168
12.930763,80,2168.891961
167.980668,89,2169.595348
12.30547,500,2170.712662
185.456983,231,2174.808028
22.482318,131,2176.710993
8.500998,241,2177.967131
19.175925,81,2179.899623
32.564984,272,2180.75973
19.997694,179,2183.292871
-0.639476,352,2184.949017
191.815685,241,2188.650471
-4.20027,237,2190.65465
25.754243,159,2192.579087
190.523303,281,2194.012736
165.53833,88,2196.225294
22.971245,69,2196.979162
-20.132571,500,2197.927077
3.535933,172,2201.803539
8.457892,142,2203.243519
34.62368,95,2204.416636
159.141581,86,2205.218631
19.271465,128,2205.99827
-5.406572,281,2207.176406
32.896546,216,2209.491707
64.006653,110,2211.255019
162.524386,68,2212.306423
34.255559,122,2213.078678
-117.584586,112,2214.339407
69.251289,155,2215.351228
-141.509079,154,2217.026491
-111.543213,101,2219.121394
5.517656,75,2219.948503
62.257936,214,2220.706453
-2.770851,178,2222.482082
-44.685561,143,2223.991911
4.706387,137,2225.193176
32.436488,187,2226.60071
37.316992,230,2228.273913
-65.419434,137,2230.146246
27.764397,106,2231.282735
-11.608324,114,2232.190508
15.492853,88,2233.143559
181.754951,175,2233.959449
176.654061,72,2235.36057
24.603328,326,2236.183404
176.336168,151,2238.938765
33.446698,145,2240.276106
166.321385,75,2241.494377
39.613214,500,2244.322981
5.575015,166,2249.166488
-6.617625,102,2250.589386
54.990014,231,2251.545105
15.178401,156,2253.459153
25.243292,114,2254.754935
-23.895463,89,2255.69101
26.799962,106,2256.534296
161.273125,356,2258.116604
59.730234,205,2262.478767
177.41433,76,2264.136144
28.196413,132,2264.850399
3.52353,106,2265.968229
93.608046,164,2266.936093
-16.865028,139,2268.310886
39.610252,157,2269.519194
-4.661503,162,2270.876287
198.71914,209,2272.35167
-53.606084,65,2274.337349
171.195133,80,2274.89629
31.532109,92,2275.60421
181.325783,113,2276.422629
9.592377,151,2278.29529
-8.119698,221,2279.649892
-85.146132,162,2281.53358
-119.737913,100,2282.904569
-4.409933,184,2283.859866
195.257064,128,2285.405022
174.84879,67,2286.445372
13.759188,500,2287.396452
-32.496848,228,2291.501946
201.564581,207,2293.404479
-7.230491,91,2295.056007
12.464667,130,2295.852612
-7.957862,500,2297.259718
162.620547,148,2301.110072
36.04522,166,2302.385652
37.582575,80,2303.690381
166.453053,191,2304.464829
32.327112,99,2305.978827
-43.487167,454,2307.695739
168.691558,70,2311.286477
74.015242,159,2311.956845
37.776727,77,2313.253317
-102.681512,190,2314.023228
15.210368,71,2315.54916
-18.923854,258,2316.308501
8.48202,166,2318.42935
-120.889157,147,2319.831027
20.622152,159,2321.083677
7.636774,273,2322.532727
52.08536,94,2324.697036
172.431948,206,2325.616423
-15.989883,69,2327.356393
-10.707092,157,2328.118573
35.020652,259,2329.599743
-96.231443,312,2331.854807
183.785568,110,2335.725801
-46.734647,280,2336.821278
-20.550452,262,2340.158535
-46.486212,223,2342.389124
216.353154,266,2344.326471
-111.776071,230,2346.622484
-4.001257,152,2348.651067
9.436572,87,2349.902624
-46.092568,174,2350.727561
13.156913,153,2352.206081
-35.425223,206,2353.559193
176.855698,268,2355.937414
34.768294,139,2358.543468
-128.004265,150,2359.983627
-5.102661,94,2361.466826
-67.351953,127,2362.466151
188.307793,386,2364.063285
185.604994,141,2368.433625
14.78493,124,2369.626229
32.817776,109,2370.65346
-11.580201,84,2371.556226
25.248984,122,2372.284877
17.738558,74,2373.267356
-84.292823,331,2374.109074
-12.02611,170,2376.73893
-167.424549,106,2378.11322
-44.396229,232,2379.11945
35.61834,203,2381.061293
183.814571,302,2382.863522
50.796421,108,2385.645153
35.513062,500,2386.896138
-48.474148,203,2390.799433
13.152322,124,2392.466011
173.706788,228,2393.614233
166.41573,87,2395.444383
-93.532513,139,2396.230638
-5.261735,83,2398.251039
-56.598607,210,2399.103329
-67.771914,175,2400.935002
-33.776182,104,2402.446526
45.544733,237,2403.477851
-44.05799,146,2405.447869
-124.404342,257,2406.811777
27.260836,133,2408.935169
33.799755,96,2410.065144
27.27167,500,2411.241069
-6.138898,141,2415.20004
-78.535965,151,2416.461766
182.718906,191,2417.807907
21.52069,304,2419.566686
-37.355817,111,2422.045407
-16.73955,500,2423.667598
-44.416355,294,2430.229808
10.394829,102,2432.674523
23.759966,309,2433.744935
171.326504,65,2436.217187
197.53334,318,2436.994647
175.309626,80,2439.616936
-64.743424,185,2440.411364
-103.668606,319,2442.131633
-104.137995,89,2444.730312
-29.35997,241,2445.651319
-41.505484,89,2447.621539
32.551421,91,2448.398282
24.420193,83,2449.180824
-7.138103,169,2449.99373
37.851292,195,2451.479459
-17.965474,168,2453.233055
-24.058374,500,2454.983878
-40.480499,240,2460.071708
23.381359,337,2462.334307
32.115076,201,2465.285631
-43.170591,239,2467.101017
51.605005,69,2469.036593
-86.282396,246,2469.785419
39.883441,112,2471.825692
1.581224,119,2472.801672
-75.931826,280,2473.960772
190.101733,155,2476.860205
20.550521,146,2478.215073
14.150228,70,2479.37702
57.343376,73,2479.943796
-119.125825,282,2480.716135
11.608972,72,2483.164502
-35.233379,91,2483.939328
47.935862,367,2485.073951
8.278619,248,2488.90612
25.067465,66,2490.923165
40.697712,136,2491.56097
-31.057407,215,2492.825393
35.838107,147,2494.645105
34.18955,224,2495.994572
-43.295535,500,2498.155439
-48.575428,500,2502.632728
5.749807,140,2506.715644
27.477213,151,2507.951867
-63.016892,317,2509.456619
24.087919,65,2512.1363
172.974849,76,2512.815152
-5.794804,246,2513.766873
181.929557,107,2515.777417
-60.536162,112,2516.719681
-106.290494,409,2519.594837
22.441474,151,2522.964377
4.558102,70,2524.229561
7.509598,121,2524.89161
24.292091,69,2525.904526
171.852354,165,2526.605517
32.391319,202,2528.087123
175.795707,77,2529.769217
183.117011,144,2530.482767
13.148231,89,2531.693808
55.568443,132,2532.504868
-123.226742,84,2533.600593
13.335298,94,2534.323935
-140.725991,478,2535.447239
22.288534,412,2539.520405
-18.750241,72,2542.915666
1.620127,134,2543.691091
200.015462,351,2545.00113
44.783625,171,2548.870385
-33.180388,100,2550.289042
12.516991,198,2551.238568
-10.465077,75,2552.83372
-92.879228,162,2553.527198
-1.340989,67,2554.85359
-71.055306,75,2555.457284
65.738286,87,2556.192203
165.292428,461,2557.354972
12.62668,67,2561.058936
178.837923,74,2561.631926
40.084754,193,2562.598598
-69.494634,71,2564.45465
-113.874632,132,2565.108396
-18.265013,78,2566.205646
20.10542,97,2566.888228
21.186565,83,2567.821034
181.335791,97,2568.534579
-72.43073,81,2569.312336
25.069729,112,2570.052739
-8.03404,285,2571.195021
165.00704,72,2573.713002
173.288244,99,2574.34764
-24.551168,85,2575.179527
16.325215,94,2575.911452
69.069407,143,2576.73819
59.203533,71,2578.815637
-14.101332,207,2579.546883
24.981575,71,2581.176772
182.431245,88,2581.797169
10.704347,317,2582.734251
167.856358,70,2585.232667
-96.191693,348,2586.052668
14.463618,86,2588.773469
11.69286,70,2589.493603
182.112112,77,2590.100852
1.564081,167,2590.833775
29.357413,81,2592.176438
-166.009476,126,2592.906755
207.669529,237,2594.079068
0.614104,103,2595.960825
5.143745,71,2596.804591
18.019373,73,2597.402222
-104.36154,112,2598.056819
11.003713,73,2598.956701
171.866753,68,2599.565196
-12.573698,193,2600.246312
-7.823805,81,2601.798547
23.963184,84,2602.480971
0.26838,162,2603.370118
10.307404,102,2604.889809
162.053984,69,2605.758852
46.511684,142,2606.399407
-25.894384,233,2608.030812
-25.937029,74,2610.050644
22.631838,69,2610.682705
-96.715756,78,2611.295874
-40.949958,304,2613.112982
26.247195,77,2615.562369
12.865566,122,2616.273199
57.719394,76,2617.27878
-81.356815,82,2617.948104
180.094093,76,2618.661673
31.740731,205,2619.421855
-26.045153,81,2621.106339
7.487157,135,2621.85967
10.877622,84,2622.978353
43.642483,128,2623.747091
23.538425,74,2624.810176
180.106956,90,2625.466049
35.884381,141,2626.287829
12.93797,148,2627.505033
190.383352,142,2628.767411
40.663377,125,2629.973686
-30.619106,103,2631.029133
166.731085,68,2631.88196
163.734926,71,2632.472186
10.791989,76,2633.167749
50.394272,122,2633.949659
-31.896143,112,2635.001713
17.193446,76,2635.935952
12.341848,113,2636.61211
44.376159,157,2638.237089
197.499238,117,2639.625326
51.816914,118,2640.655819
-122.961513,83,2641.64442
58.954172,77,2642.365221
185.939816,105,2643.059141
183.028724,85,2643.962776
163.637406,81,2644.702742
161.777483,75,2645.397731
26.791874,78,2646.069212
21.558632,123,2646.766451
175.420722,71,2647.873068
6.448111,130,2648.57346
-6.75951,70,2649.662533
53.5473,95,2650.297202
15.20741,79,2651.112706
15.316981,105,2651.831375
-22.881213,102,2652.77501
12.015625,98,2653.661333
26.640811,105,2654.637113
58.765034,69,2655.621094
16.633503,67,2656.262884
21.393334,111,2656.875369
31.905658,137,2657.829952
11.631402,342,2659.191452
-66.202851,131,2661.841394
54.803601,75,2662.891916
180.793745,280,2663.69128
171.991182,78,2665.891893
3.392296,92,2666.545043
14.488191,213,2668.195807
12.099664,207,2670.229905
45.115558,292,2672.070475
19.350245,89,2674.436105
-166.050939,175,2675.265297
38.321441,110,2676.718861
-181.298958,318,2677.828473
-33.914165,163,2680.440969
11.055928,88,2681.744467
23.347606,99,2682.513614
-112.157284,374,2683.574578
24.807501,134,2686.559157
-159.502212,272,2687.817269
168.722931,72,2689.968055
20.417383,218,2690.709172
179.062866,186,2692.519642
14.385351,142,2694.046181
162.067437,79,2695.199215
-158.927697,209,2695.985898
6.010867,84,2698.507246
52.647469,77,2699.255729
-100.369315,185,2699.984657
29.563307,133,2702.201034
29.512178,118,2703.317437
-94.965817,250,2704.418849
-85.315921,94,2706.358707
-56.451217,107,2707.16083
-75.125032,320,2708.241353
15.72688,166,2710.793801
49.625759,135,2712.152619
29.857009,129,2713.274746
18.254569,78,2714.289469
182.554588,109,2714.980174
-87.265658,167,2715.935564
78.406427,130,2717.384558
27.152791,337,2718.903347
-97.069271,64,2721.607132
-107.435329,412,2722.480894
-2.019403,88,2725.76246
184.203832,110,2726.554337
170.847498,95,2727.643086
43.258203,75,2728.915831
175.769251,70,2729.539822
9.973764,63,2730.151655
20.998909,128,2730.751503
26.224288,90,2731.823596
-18.841306,137,2732.610896
44.256675,82,2733.767508
176.284739,164,2734.54482
22.704499,76,2735.886838
189.843283,149,2736.573913
-87.082994,112,2737.823295
43.478971,78,2738.766888
-89.385715,150,2739.51254
12.315781,67,2740.715925
10.471477,454,2741.642161
57.964134,83,2745.411586
-102.904539,250,2746.473031
177.492363,130,2748.475833
26.443519,134,2749.551201
8.648639,371,2750.931995
-2.295004,137,2753.921602
166.896533,69,2755.058239
30.204923,282,2755.84908
39.001908,142,2758.99269
48.143554,74,2760.197273
-20.577232,81,2760.852816
13.693524,92,2761.555807
42.188645,120,2762.390772
42.354615,135,2763.455645
-17.321665,77,2764.563859
169.73195,85,2765.261031
179.507992,72,2766.003218
53.23367,143,2766.696739
-120.392469,201,2767.981138
160.653223,75,2769.610006
-99.233727,257,2770.42555
-154.556492,110,2772.53839
-116.805491,92,2773.486109
20.74849,285,2774.440015
45.305609,102,2776.820938
25.382345,100,2777.708417
-22.680116,79,2778.552145
-29.975171,500,2779.636392
190.825395,178,2783.93415
-97.296828,205,2785.594921
25.252669,104,2787.312438
168.419153,82,2788.96758
-35.791796,108,2789.68987
-135.811973,218,2791.797173
170.986942,71,2793.606956
172.81049,87,2794.260724
51.903474,148,2795.081189
160.207134,130,2796.326938
18.203012,59,2797.411193
47.090806,76,2797.93347
166.124305,114,2798.617954
13.267711,79,2799.555614
-4.747336,103,2800.227582
33.854536,127,2801.128304
55.932248,77,2802.172676
-25.420177,500,2803.170688
44.525875,83,2807.072531
181.167864,73,2807.764826
60.35629,75,2808.38526
-59.393788,106,2809.036454
-106.174589,173,2809.970147
58.780815,71,2811.366485
5.048076,189,2812.069605
20.379308,142,2813.625029
173.179001,74,2814.791037
5.229066,500,2815.768573
168.049617,75,2820.486063
-53.06349,130,2821.188663
32.476038,80,2822.285336
56.488754,118,2822.999614
56.382236,85,2824.000471
-13.7672,72,2824.721064
176.108071,86,2825.363651
32.482919,200,2826.219766
-54.858187,107,2827.893328
178.283138,78,2828.796131
4.918853,70,2829.459511
9.195391,306,2830.254086
4.347293,101,2832.721892
189.723722,160,2833.650134
-99.868749,141,2835.008251
176.221898,243,2836.306597
54.964652,180,2838.258149
53.40183,72,2839.67373
158.852017,80,2840.309935
18.511577,92,2841.026825
-89.870672,149,2841.866655
193.517437,187,2843.341594
170.476793,76,2845.009876
11.843059,63,2845.684924
8.556081,243,2846.39508
33.41803,153,2849.242763
-66.904911,222,2850.591982
159.930775,85,2852.376503
178.61884,70,2853.105165
-1.621508,92,2853.758044
-126.7751,149,2854.629973
176.466279,68,2855.852599
5.104077,131,2856.523811
-28.954295,221,2857.914002
57.817173,75,2859.68744
176.505645,263,2860.499323
-17.121571,83,2862.7065
181.253146,71,2863.419611
-40.525407,127,2864.081157
179.534095,158,2865.213971
-39.927546,74,2866.477531
58.840152,82,2867.1243
179.119108,72,2867.818485
207.682069,276,2868.619575
-53.625904,167,2870.888732
-87.879322,220,2872.472092
176.393071,108,2874.454978
169.221666,127,2875.416832
61.271368,116,2876.499888
57.068624,84,2878.029395
58.58379,84,2879.005038
176.125523,72,2879.72302
-89.687113,184,2880.427641
68.764465,95,2881.959976
6.658657,97,2883.716709
-10.70963,90,2884.552141
15.827014,111,2885.353741
-102.471822,325,2886.505122
21.019606,152,2889.180154
24.787195,257,2890.605798
-41.619928,77,2892.695097
171.719673,78,2893.36869
60.034757,128,2894.105258
-27.917208,79,2895.386016
6.365862,62,2896.099304
-16.783692,109,2896.930421
67.110047,303,2898.039704
43.790339,258,2900.695195
161.122722,78,2902.941689
-114.66055,144,2903.78875
22.578668,72,2905.140238
181.441508,68,2906.002314
-42.735926,74,2907.085232
11.954409,235,2907.992985
-99.415817,165,2910.812501
179.645221,76,2912.177187
-74.135524,101,2912.864295
45.844291,287,2913.903317
171.715031,77,2916.255292
41.449705,136,2916.965711
23.842922,82,2918.122532
27.133835,81,2918.847045
47.211821,133,2919.599794
63.068834,86,2920.72985
189.944606,170,2921.557633
25.558089,80,2922.958958
23.661466,186,2923.732376
22.631578,128,2925.327447
16.632236,75,2926.401109
166.340862,68,2927.023457
4.595188,73,2927.579149
5.554822,81,2928.196237
-98.501773,152,2928.942183
21.148973,121,2930.257653
-39.082109,500,2931.633977
169.015024,66,2935.610602
39.951037,296,2936.41731
167.651153,71,2938.88217
192.441232,137,2939.541106
63.848053,114,2940.704606
-117.177344,250,2941.800299
187.840454,110,2943.817887
4.20357,82,2944.730983
-101.666654,297,2945.618232
-61.42325,140,2948.198183
177.259956,76,2949.361622
42.484098,319,2950.224746
174.224617,68,2952.735521
38.834836,110,2953.358217
168.621247,69,2954.288674
-50.019158,123,2954.93025
-4.957178,133,2956.060195
-70.72813,108,2957.2153
-52.338441,118,2958.150131
45.342188,120,2959.182487
62.898878,85,2960.190328
24.977418,147,2960.980313
17.889781,88,2962.172871
-8.38981,93,2962.936953
-38.628697,80,2963.735628
30.789596,234,2964.538236
46.593727,167,2966.486658
170.215513,82,2967.837213
167.724009,69,2968.546943
49.598822,135,2969.205068
163.873576,79,2970.292595
8.743587,148,2971.023226
-64.483753,117,2972.252231
50.892993,307,2974.333695
8.8822,77,2976.751275
-113.560314,296,2977.582221
174.901875,78,2979.93704
37.223853,164,2980.660884
13.469637,113,2982.01474
-23.758232,88,2982.957772
-64.179952,84,2983.724533
62.202648,81,2984.447176
-58.132633,89,2985.146111
4.275434,164,2985.977543
-103.238428,96,2987.339682
-111.564402,307,2988.342072
57.25673,91,2990.850601
64.831273,90,2991.639682
22.854257,115,2992.441341
-102.549412,132,2993.468539
10.34123,85,2994.578013
167.906565,89,2995.324765
181.044695,68,2996.082828
-13.880254,152,2996.731747
49.811997,181,2998.109468
25.498119,105,3000.405978
171.528054,78,3001.375041
22.050878,90,3002.075704
5.91752,86,3002.904434
-100.633198,317,3004.040789
165.833369,75,3007.193969
56.2163,79,3007.88697
60.260564,90,3008.787578
46.601799,217,3010.050152
185.316939,211,3012.995608
69.651684,89,3015.059846
-52.487423,90,3015.878416
180.018859,80,3016.689736
59.880691,81,3017.449859
41.505313,146,3018.234158
30.35033,134,3019.492087
20.697341,79,3020.621902
180.126238,75,3021.331886
-8.67495,79,3021.986204
-66.598328,430,3023.354318
-27.901438,72,3027.698638
0.983051,419,3028.63326
-7.3913,182,3032.23527
70.209786,105,3033.905069
-108.756048,200,3035.462315
55.725214,89,3037.34835
24.564467,70,3038.12511
4.243202,121,3038.7881
-2.102386,81,3039.987036
-122.271747,156,3040.811871
184.437483,76,3042.12607
7.314544,99,3042.827746
-112.693733,116,3043.754865
28.003753,422,3045.078962
53.50365,119,3048.745561
-4.110695,141,3049.854305
172.109518,121,3051.096663
24.738426,152,3052.191391
42.066526,110,3053.512293
-58.870859,104,3054.485685
11.009471,78,3055.426002
23.5759,71,3056.192288
42.884257,140,3056.959226
177.868853,81,3058.222745
211.064807,168,3059.070929
-37.516313,222,3061.006891
206.548053,146,3063.249448
25.985416,190,3064.891109
-119.225706,319,3067.260992
19.14719,69,3069.839118
-10.654622,77,3071.727613
7.907201,76,3072.41695
62.107308,79,3073.128135
163.919322,84,3073.908536
43.60834,195,3075.210452
168.507679,74,3077.513456
179.502977,141,3078.217167
171.778596,72,3079.341785
166.292426,72,3079.951571
-15.469743,194,3080.66391
-59.897232,126,3082.249104
164.246082,184,3083.372301
44.137948,139,3084.992851
12.586814,70,3086.379172
41.496766,97,3087.107452
36.080684,141,3088.073684
175.523271,73,3089.506138
55.915718,105,3090.245908
63.357956,103,3091.348927
20.960457,93,3092.350551
23.261927,168,3093.296451
189.127159,250,3095.064543
43.516684,122,3097.28859
14.945453,69,3098.327251
23.380117,64,3098.930152
-54.233771,91,3099.520744
-39.480405,79,3100.318588
167.048835,72,3101.00869
18.501393,72,3101.651703
32.097765,85,3102.303966
13.759299,147,3103.112465
52.33717,79,3104.371617
-1.505989,61,3105.058145
172.633631,69,3105.597798
58.407,319,3106.417084
173.233821,72,3109.397204
63.010478,84,3110.01672
-19.769536,102,3110.786977
-90.569372,149,3111.72778
171.719736,70,3113.019411
51.608975,134,3113.69129
173.834047,79,3114.827825
14.829111,142,3115.544522
-3.289935,151,3116.781541
44.996622,117,3118.181336
158.909552,112,3119.267211
18.501541,97,3120.261769
-78.495929,344,3121.353731
-44.222183,111,3124.599757
162.725604,75,3125.606869
22.031711,261,3126.421091
27.076021,102,3128.791099
-98.626851,388,3129.942203
196.641224,171,3133.254742
-41.997783,66,3134.766573
24.889765,135,3135.469754
167.464081,94,3136.69501
39.553568,86,3137.539446
14.310966,171,3138.366244
178.63224,77,3139.886908
28.04903,97,3140.619003
-1.311349,85,3141.46481
14.173208,68,3142.204923
3.131309,105,3142.887155
181.343994,76,3143.856021
60.772729,72,3144.635552
172.615491,71,3145.76667
-62.026819,442,3147.675746
21.902763,228,3151.412938
27.175872,174,3153.582841
-53.074617,500,3155.516669
55.921524,130,3159.75585
6.504576,185,3161.197301
156.985906,71,3162.87334
15.165278,175,3163.564208
50.346192,94,3165.082382
-125.735163,153,3167.335519
41.763513,83,3168.657942
158.117005,93,3169.408951
-31.576616,81,3170.853781
1.481578,134,3171.961443
169.686094,80,3173.046092
-13.724348,350,3174.000596
37.220363,101,3176.832571
172.745657,74,3177.684129
24.795922,157,3178.390489
164.483495,85,3179.701859
160.906761,77,3180.427805
50.518569,145,3181.155974
158.582322,69,3182.352005
-105.686926,156,3183.02195
-47.678289,466,3184.924736
179.018464,72,3189.201785
31.813785,98,3189.958198
75.15343,208,3191.062383
29.84293,109,3193.075346
48.846718,64,3194.135033
51.905108,132,3194.932526
-64.511425,236,3196.566197
23.067355,223,3198.955896
-25.952885,75,3201.723498
53.201119,351,3202.604966
11.436546,121,3205.459847
-15.259096,104,3206.501965
206.035938,162,3207.414336
-102.873292,136,3208.688937
53.421264,112,3209.842871
9.502232,71,3210.799876
56.87364,150,3211.487176
30.972038,322,3212.920069
171.710548,72,3215.501434
-28.434802,500,3216.497029
25.116167,500,3221.038468
55.048782,131,3225.015769
-43.490137,97,3226.109745
9.713646,71,3226.927899
31.035434,97,3227.559062
58.058976,181,3228.460442
52.379514,198,3230.023464
-37.471512,242,3232.423724
-10.01123,100,3234.371556
47.503605,160,3235.278314
-70.045348,81,3236.554919
16.715312,146,3237.29978
65.512762,281,3238.648707
49.820603,80,3240.855394
-16.186805,73,3241.536244
4.211082,148,3242.231624
44.837655,82,3243.447379
4.127961,76,3244.134298
158.44432,76,3244.766222
2.461354,69,3245.408825
-95.373809,102,3246.022406
22.242514,165,3246.932796
-23.33526,189,3248.357502
-7.20078,94,3249.914992
11.139839,96,3250.693112
-17.404153,248,3251.644277
22.032894,68,3253.618699
181.043491,72,3254.209849
-9.142709,130,3254.947993
52.437852,97,3256.211602
12.569994,78,3257.486777
51.948235,85,3258.283965
80.972552,120,3259.103707
43.569042,128,3261.987148
47.074448,87,3263.234559
178.790566,76,3264.037356
39.952265,158,3264.79157
8.475007,87,3266.330126
59.109544,81,3267.329412
54.893767,75,3268.080178
28.590331,81,3268.881285
24.224089,118,3270.228139
-74.900947,88,3271.528135
8.678549,178,3272.521849
178.768863,77,3274.197918
30.580937,274,3275.048832
57.093154,91,3277.25913
32.318511,193,3278.126786
54.453371,76,3279.678935
172.630094,71,3280.32899
46.140471,136,3280.983003
20.5074,141,3282.155598
21.763229,80,3283.285332
-91.767276,133,3284.096052
-0.677986,68,3285.571653
-107.563927,237,3286.854922
176.182203,80,3288.886724
177.10642,70,3289.589429
-53.901194,321,3290.437011
197.317048,189,3293.859857
-1.601629,68,3295.824089
164.74932,67,3296.633717
183.771884,150,3297.387663
59.385571,86,3298.844862
8.712128,73,3299.644653
16.859359,135,3300.356615
28.848581,76,3301.552996
-46.767781,86,3302.196773
47.414521,398,3303.236848
168.245304,86,3306.524363
35.215995,83,3307.253529
-9.11611,85,3308.006526
-19.26308,104,3308.784047
42.434594,190,3309.766058
181.717651,73,3311.488946
177.549836,73,3312.152543
29.507842,93,3312.80606
38.062215,170,3313.681566
163.737062,71,3315.20157
20.635127,162,3315.982445
20.497149,175,3317.489275
-8.695195,257,3319.189393
-36.156824,112,3321.410089
162.634258,128,3322.474382
51.710006,78,3323.605737
-12.885618,103,3324.332404
-78.926697,184,3325.339747
47.260488,73,3326.876351
31.904954,68,3327.535645
60.577105,174,3328.257003
-76.437372,188,3330.111868
40.05753,119,3331.782303
157.684718,71,3332.803938
23.369652,68,3333.446505
167.102086,72,3334.171116
163.151667,210,3334.941034
-3.940265,64,3336.726144
27.586287,288,3337.506226
30.574105,121,3339.95842
-85.519439,194,3341.204841
31.962682,113,3343.327496
41.030555,211,3344.656393
26.496525,74,3346.597829
67.519955,267,3347.442653
22.634151,241,3349.932996
-73.815151,112,3351.957383
20.479506,196,3353.270659
58.445493,98,3355.196886
164.625643,73,3356.117477
-44.90071,83,3357.369137
2.449166,80,3358.624955
-88.785503,310,3360.873194
41.971325,117,3363.461462
49.723182,80,3364.44445
-109.810523,78,3365.303824
30.358644,113,3366.084453
37.045644,161,3367.230813
173.242207,173,3369.026408
12.059186,69,3370.725198
-0.882295,105,3371.380521
-41.751805,68,3372.287099
41.913808,185,3372.974678
59.674331,259,3374.672627
25.910749,199,3377.246966
48.248512,152,3379.15325
28.242981,185,3380.512369
-119.361836,104,3382.044095
-35.76326,163,3383.236612
-122.104946,260,3386.962747
23.85274,124,3389.921121
31.169019,69,3390.945413
28.769157,142,3391.609392
23.300222,151,3392.905581
4.175003,97,3394.170506
-0.074218,78,3394.965846
203.20928,225,3395.718388
9.138796,88,3397.565263
-65.005483,141,3398.391972
168.656153,67,3399.564521
-72.572214,200,3400.260109
-27.942297,135,3401.944944
180.814717,74,3403.140377
172.529462,164,3403.997375
57.281753,258,3405.669927
23.81882,87,3407.816545
173.195216,79,3408.557249
53.686046,131,3409.303154
191.994137,120,3410.414691
-72.927683,87,3411.441105
45.839775,129,3412.23397
-155.587391,124,3413.38521
1.692651,119,3414.440208
25.218363,71,3415.429122
29.832358,75,3416.044914
41.371503,131,3416.747911
169.8452,68,3418.585215
24.185735,75,3419.165836
-3.243218,89,3419.810931
-151.82555,237,3420.689572
158.353088,166,3422.683913
1.311012,148,3424.108623
177.829398,70,3425.299524
-61.254005,245,3426.043696
48.880006,182,3428.141141
41.360173,128,3429.630322
45.660172,121,3430.703815
13.301955,132,3431.737096
34.7023,192,3432.957969
197.963981,154,3434.587844
-118.491788,162,3435.907194
50.477656,141,3437.263582
166.783023,80,3438.464469
153.255857,72,3439.158211
196.124934,142,3439.812771
172.068706,70,3440.96593
-51.376101,185,3441.668367
13.451891,75,3443.249223
20.946364,140,3444.122567
41.37536,153,3445.444536
172.499808,70,3446.689705
46.27899,141,3447.853321
-69.777737,84,3449.193547
53.579637,87,3449.906386
23.234839,85,3450.648041
182.229261,139,3451.411901
56.686803,81,3452.529857
20.699687,139,3453.259295
35.942028,100,3455.296775
163.990546,68,3456.131639
47.825741,108,3456.761062
-91.370702,134,3457.732218
6.648928,136,3459.021148
-2.99816,125,3460.426333
-96.318758,182,3461.593499
36.594016,104,3463.65324
168.283157,73,3465.883742
172.26671,74,3469.588398
23.388903,112,3474.675363
161.963926,146,3482.764374
177.737164,244,3489.143991
168.3379,67,3491.12018
40.557706,167,3491.777993
-87.456655,500,3493.506676
22.399385,118,3497.491517
-99.461605,96,3498.482071
15.236421,78,3499.285225
3.268525,181,3500.020725
23.841093,116,3501.516967
48.615977,143,3502.536418
198.763505,192,3503.999328
42.58204,138,3505.59797
48.52951,116,3506.764763
-39.873476,261,3508.587422
18.674369,101,3510.622442
169.225686,69,3511.459557
-94.763273,153,3512.119568
8.324339,170,3513.443271
57.846156,179,3514.895602
30.515522,81,3516.333808
-22.245246,113,3517.060033
55.22071,121,3518.030519
176.440946,75,3519.041354
54.994312,172,3519.741058
41.581461,169,3521.211966
184.518142,154,3522.644274
-72.192542,164,3523.96665
195.107159,167,3525.56764
28.105639,88,3526.998978
9.46773,132,3527.78107
61.17928,67,3528.852522
173.749487,74,3529.412656
11.440846,354,3530.274885
174.081837,69,3533.014928
26.341707,73,3533.59353
33.234954,197,3534.319041
21.68018,158,3535.942839
72.398153,150,3537.600948
164.605334,174,3539.576979
173.059805,139,3541.0523
14.050961,130,3542.242826
20.039105,104,3543.342741
172.968071,68,3544.208812
197.679433,145,3544.866527
197.860483,154,3546.110033
-109.859363,255,3547.525875
-62.064748,82,3549.582896
170.397946,70,3550.275586
-8.35631,72,3550.881373
179.473188,70,3551.50059
-25.864235,120,3552.144565
52.084768,249,3553.283017
2.704493,70,3555.247491
178.612284,70,3555.852319
15.502639,77,3556.46373
-59.217215,116,3557.169612
53.785719,128,3558.192534
45.571149,119,3559.28027
177.163168,104,3560.293277
45.901222,114,3561.168863
56.010464,65,3562.206857
196.75679,118,3562.891304
152.945306,91,3563.975463
-115.167805,381,3566.092205
38.51811,146,3569.863585
160.792346,84,3571.065637
-119.160102,118,3571.813617
61.437405,83,3572.790048
24.634923,162,3573.573395
-67.179425,155,3574.951927
66.975896,105,3576.241656
47.647287,199,3577.208828
172.931099,69,3578.828847
45.149116,99,3579.441554
161.98287,79,3580.278503
19.707474,109,3580.977839
170.761212,83,3581.898776
-70.843362,130,3582.648535
-50.489774,98,3583.733926
183.587465,72,3584.554986
74.492238,103,3585.200537
194.105082,124,3586.121156
56.625418,90,3587.152101
165.399134,69,3587.90793
14.714156,101,3588.532259
51.749248,127,3589.419755
195.342759,168,3590.539071
-92.132754,162,3591.972632
31.194859,112,3593.437535
-100.754534,231,3594.723501
-2.042735,251,3596.698691
34.829126,102,3599.431249
48.272252,137,3600.317111
-128.63423,167,3601.527478
53.307827,286,3603.057797
45.690494,461,3605.644254
163.531499,67,3609.241541
2.515294,98,3609.840422
169.903602,82,3610.664279
10.870586,257,3611.51677
46.81518,114,3613.586667
-69.702737,69,3614.525048
189.286442,106,3615.135786
-21.919721,100,3616.042665
182.592905,85,3616.895622
3.733403,203,3617.726561
32.280061,93,3620.458452
33.776447,153,3621.689161
178.402267,90,3631.135866
49.646016,144,3637.608354
23.939193,79,3639.518689
175.096865,74,3640.202939
180.407428,66,3640.843484
-143.517824,283,3641.916033
-29.11661,106,3644.429119
-9.698913,98,3645.509129
22.514433,63,3646.626763
41.314383,127,3647.460063
13.191545,294,3649.149521
182.425889,74,3651.984107
-75.431659,118,3652.83879
16.076005,70,3653.91999
187.039384,171,3654.735582
14.185088,193,3656.496748
22.148677,79,3659.044111
-104.153844,235,3659.934139
182.44739,68,3662.247983
158.521411,81,3663.036814
-59.793015,114,3663.795599
10.069694,154,3664.909357
166.854466,88,3666.290984
13.998876,106,3667.09004
27.379916,74,3667.99556
173.444179,72,3668.686482
51.279975,71,3669.485431
179.275613,70,3670.125875
206.547588,137,3670.826985
167.8865,76,3672.288486
175.418166,72,3673.03573
168.153909,96,3673.812586
41.687864,180,3675.486758
-100.321197,171,3677.340925
34.722444,113,3678.956013
-2.101926,220,3680.057457
185.343768,118,3682.33094
204.983703,186,3683.586532
206.377271,179,3685.345393
-12.163689,114,3687.034755
169.427501,75,3688.897268
57.956928,135,3689.716278
22.627579,77,3690.902431
-84.034734,228,3691.844206
176.930816,97,3693.88724
-131.923105,246,3694.967606
-73.066607,240,3697.26429
-140.161439,124,3699.471823
26.649965,70,3700.539352
39.032528,92,3701.148962
10.394175,136,3701.996055
14.927446,86,3703.106348
24.618942,83,3703.839162
179.287119,98,3704.691575
48.124323,147,3705.752947
-143.665041,297,3707.245225
40.108591,146,3709.955508
26.661643,80,3711.277479
52.672746,167,3712.080264
25.428396,68,3713.649866
0.458175,101,3714.350112
6.196046,105,3715.350482
57.453882,104,3716.325557
45.225529,95,3717.422397
12.434801,83,3718.845078
60.930205,75,3719.586396
20.506981,89,3720.241433
21.131664,75,3721.041008
186.804896,139,3721.76612
-97.853392,96,3722.953466
209.348824,194,3723.873964
