,number,value,datetime_start,datetime_complete,duration,params_activation_fn,params_batch_size,params_clip_range,params_ent_coef,params_gae_lambda,params_gamma,params_learning_rate,params_log_std_init,params_max_grad_norm,params_n_epochs,params_n_steps,params_net_arch,params_sde_sample_freq,params_vf_coef,state
0,0,215.1383522,2023-10-11 12:57:51.493160,2023-10-11 13:20:59.102478,0 days 00:23:07.609318,tanh,16,0.3,0.0008238313563716696,1.0,0.9,0.05477248839451873,-1.4642861756949501,0.5,5,16,small,-1,0.8320824760692151,COMPLETE
1,1,283.2338612,2023-10-11 12:57:51.494077,2023-10-11 13:02:48.229567,0 days 00:04:56.735490,relu,32,0.1,5.1596215139055664e-05,1.0,0.9999,0.00048668871856318924,-2.0279660264240644,1.0,1,64,medium,64,0.4386601202520857,COMPLETE
2,2,,2023-10-11 13:02:48.230734,2023-10-11 13:02:58.520294,0 days 00:00:10.289560,relu,512,0.1,0.0007471123111090377,0.98,0.95,0.7388612116631296,-1.3900636881369497,0.7,1,8,medium,32,0.06375368419595306,PRUNED
3,3,3422.219574,2023-10-11 13:02:58.521187,2023-10-11 14:23:20.211407,0 days 01:20:21.690220,relu,8,0.2,1.216764956400519e-07,0.8,0.9999,0.00015803955024314058,-0.7511367096305372,0.3,10,1024,small,-1,0.8482306497382419,COMPLETE
4,4,1587.3211359999998,2023-10-11 13:20:59.103634,2023-10-11 13:45:47.571908,0 days 00:24:48.468274,tanh,64,0.3,0.0001989955283210687,0.99,0.9,0.00011998813476963507,-3.9727484849691006,0.9,20,64,medium,8,0.751261990193932,COMPLETE
5,5,164.3128596,2023-10-11 13:45:47.573125,2023-10-11 13:53:56.964858,0 days 00:08:09.391733,tanh,64,0.4,5.295579458735387e-08,1.0,0.99,0.19278049599510508,-3.1155372847237586,1.0,20,256,small,16,0.689910034128126,PRUNED
6,6,196.5723064,2023-10-11 13:53:56.965616,2023-10-11 13:57:26.158253,0 days 00:03:29.192637,tanh,8,0.1,0.007616861315404284,0.92,0.99,0.24880600987836152,-2.6543447736834187,5.0,1,8,small,32,0.8705200050181096,PRUNED
7,7,234.64841,2023-10-11 13:57:26.159116,2023-10-11 14:06:12.802461,0 days 00:08:46.643345,relu,64,0.4,5.156542945190396e-07,0.8,0.9,1.8596959901319444e-05,-2.162461512870029,0.9,5,1024,medium,8,0.5558065187761231,COMPLETE
8,8,2519.7960102,2023-10-11 14:06:12.804944,2023-10-11 15:30:45.644037,0 days 01:24:32.839093,tanh,8,0.3,6.640467719617751e-06,0.9,0.999,0.0004424936347993592,0.24159746538163596,0.5,10,512,medium,256,0.9198986841893874,COMPLETE
9,9,268.3903932,2023-10-11 14:23:20.212430,2023-10-11 14:35:34.558924,0 days 00:12:14.346494,relu,8,0.2,0.008901396827107385,1.0,0.98,2.4204420839392913e-05,-1.883099007227305,5.0,1,512,medium,256,0.04414931379332154,COMPLETE
10,10,428.8928672,2023-10-11 14:35:34.560288,2023-10-11 14:54:24.570528,0 days 00:18:50.010240,relu,128,0.4,3.232989138631905e-05,0.9,0.999,3.325971893214219e-05,-2.301989566181864,2.0,5,128,medium,-1,0.9536778598558538,COMPLETE
11,11,550.5741620000001,2023-10-11 14:54:24.571747,2023-10-11 15:33:41.985128,0 days 00:39:17.413381,relu,8,0.2,8.112404322662012e-07,0.98,0.9999,8.003046284414688e-05,-0.860807339241167,2.0,5,1024,small,32,0.6741594558093074,COMPLETE
12,12,200.3388846,2023-10-11 15:30:45.645270,2023-10-11 16:02:45.156014,0 days 00:31:59.510744,tanh,128,0.3,0.0006007228210762096,0.9,0.995,0.027207095829539753,-0.4216550410565296,5.0,10,512,medium,256,0.8649954193043797,COMPLETE
13,13,365.3801454,2023-10-11 15:33:41.986382,2023-10-11 16:41:07.010054,0 days 01:07:25.023672,relu,8,0.2,8.357777727318075e-08,0.8,0.95,0.00016881893291031808,-0.3160788337235476,0.3,10,8,small,-1,0.610886380569551,COMPLETE
14,14,2472.306587,2023-10-11 16:02:45.157272,2023-10-11 16:41:16.008837,0 days 00:38:30.851565,tanh,8,0.3,2.3051518384345967e-05,0.9,0.9999,0.00013107468855147697,0.0736117033453072,0.5,5,512,small,256,0.8489945327664062,COMPLETE
15,15,1533.8790352,2023-10-11 16:41:07.011244,2023-10-11 17:20:29.317275,0 days 00:39:22.306031,tanh,8,0.3,7.163588399974203e-06,0.9,0.999,9.270831222898806e-05,-0.1447187161160916,0.5,5,128,medium,16,0.8927312071466506,COMPLETE
16,16,956.9081333999999,2023-10-11 16:41:16.010144,2023-10-11 18:34:46.066626,0 days 01:53:30.056482,relu,8,0.3,4.076944083395819e-06,0.8,0.98,0.0022416626243441777,0.4085752051319541,0.3,10,1024,medium,-1,0.6329417848362507,COMPLETE
17,17,2857.026594,2023-10-11 17:20:29.318559,2023-10-11 19:05:10.216796,0 days 01:44:40.898237,relu,8,0.3,1.5669841968110358e-06,0.9,0.999,0.0011313293857256137,-0.43166583488216403,0.6,10,512,medium,256,0.7239260455623271,COMPLETE
18,18,278.78081499999996,2023-10-11 18:34:46.067874,2023-10-11 19:43:46.630995,0 days 01:09:00.563121,relu,8,0.2,2.2442266593594875e-07,0.8,0.9999,3.299224205354171e-05,-2.5583977576241868,0.6,10,1024,small,256,0.9284890405289767,COMPLETE
19,19,789.2576002,2023-10-11 19:05:10.218064,2023-10-11 20:03:39.160480,0 days 00:58:28.942416,relu,8,0.3,1.5752780217697552e-05,0.9,0.999,0.00516808668484668,0.45221242881281365,0.8,5,512,medium,256,0.3502731473414771,COMPLETE
20,20,407.38215019999996,2023-10-11 19:43:46.632331,2023-10-11 20:04:32.636891,0 days 00:20:46.004560,relu,8,0.1,2.316326476982974e-08,0.9,0.9999,0.00011539300953890796,-0.0015316735738344356,0.3,10,1024,small,-1,0.7744589320942287,PRUNED
21,21,681.5291724000001,2023-10-11 20:03:39.161647,2023-10-11 21:07:19.408262,0 days 01:03:40.246615,relu,16,0.3,3.0886558596856764e-06,0.9,0.999,0.00651284319559621,-0.6455066296761403,0.7,10,256,medium,256,0.9451782928265051,COMPLETE
22,22,238.2248748,2023-10-11 20:04:32.637618,2023-10-11 20:36:13.168846,0 days 00:31:40.531228,relu,8,0.3,1.41947135339548e-06,0.9,0.999,0.0816008835879026,-0.43180574586169945,0.6,10,64,medium,256,0.6576678653196997,PRUNED
23,23,3279.2098068000005,2023-10-11 20:36:13.169788,2023-10-11 20:42:06.428803,0 days 00:05:53.259015,relu,256,0.4,0.00016140015720478472,0.9,0.999,0.0008402607642603583,-1.3906748917939185,0.6,10,512,medium,256,0.9484726979347277,COMPLETE
24,24,3215.6428724,2023-10-11 20:42:06.430082,2023-10-11 20:46:43.434494,0 days 00:04:37.004412,relu,512,0.4,0.0004065489073899851,0.9,0.999,0.005111605396193687,-3.13497970997501,0.6,10,2048,medium,256,0.9761396731722942,COMPLETE
25,25,260.99684379999997,2023-10-11 20:46:43.435732,2023-10-11 20:48:26.406271,0 days 00:01:42.970539,relu,512,0.4,4.647094971431792e-05,0.9,0.999,0.0004105993471948149,-3.480488975074219,0.6,10,2048,medium,8,0.765723458811903,PRUNED
26,26,470.8798376,2023-10-11 20:48:26.407101,2023-10-11 20:50:07.082017,0 days 00:01:40.674916,relu,512,0.4,0.0007537684080615566,1.0,0.95,0.00023796606782532372,-3.161485571028671,0.5,10,2048,medium,256,0.845243617895224,PRUNED
27,27,2878.0400004000003,2023-10-11 20:50:07.082929,2023-10-11 20:57:08.999795,0 days 00:07:01.916866,relu,128,0.4,1.0044887477261756e-05,0.9,0.999,0.003434714232036859,-0.7747481179282203,0.8,10,512,small,256,0.69566924824911,COMPLETE
28,28,81.26134140000002,2023-10-11 20:57:09.000976,2023-10-11 20:58:28.064033,0 days 00:01:19.063057,relu,512,0.3,0.004560663386814413,0.9,0.99,0.07367476711468687,-2.2964431353239543,0.6,10,2048,medium,256,0.9095635514108164,PRUNED
29,29,255.61117759999996,2023-10-11 20:58:28.064909,2023-10-11 21:14:32.794039,0 days 00:16:04.729130,relu,32,0.2,8.103341723317014e-07,0.8,0.9999,0.0001490650416711923,-2.3757192501769655,0.3,20,1024,small,-1,0.8719087269074357,PRUNED
30,30,232.0021172,2023-10-11 21:07:19.409482,2023-10-11 21:08:10.559840,0 days 00:00:51.150358,relu,256,0.4,5.931083316063575e-05,0.98,0.999,0.001686103985205195,-2.151291264137842,0.6,1,256,medium,256,0.8481880706210877,PRUNED
31,31,263.14700000000005,2023-10-11 21:08:10.560581,2023-10-11 21:09:04.236059,0 days 00:00:53.675478,relu,64,0.2,1.1692115077513547e-08,0.8,0.9999,2.654090544413677e-05,-0.589169326428434,0.3,1,1024,small,8,0.6892211637522623,PRUNED
32,32,204.32975800000003,2023-10-11 21:09:04.236730,2023-10-11 21:18:55.215247,0 days 00:09:50.978517,relu,32,0.4,0.009068626894657993,0.9,0.999,0.010188836541727603,-2.2128186277648325,0.3,10,2048,medium,256,0.7231369465587667,PRUNED
33,33,337.5315486,2023-10-11 21:14:32.794711,2023-10-11 21:15:52.662482,0 days 00:01:19.867771,relu,512,0.4,0.00014556546589158758,0.95,0.999,0.005019179092894544,-2.9311598909618626,0.7,10,2048,medium,256,0.9669179481673937,PRUNED
34,34,1643.9796916,2023-10-11 21:15:52.663389,2023-10-11 21:23:20.392920,0 days 00:07:27.729531,relu,128,0.4,8.482148240959485e-05,0.9,0.999,0.002701274705127799,0.9392670274025421,0.8,10,1024,small,256,0.7663288184298506,COMPLETE
35,35,2273.665442,2023-10-11 21:18:55.216109,2023-10-11 21:51:14.783786,0 days 00:32:19.567677,relu,256,0.2,1.5150446729725453e-05,0.9,0.999,0.0020193827654894944,-1.9493239021846769,2.0,10,32,medium,256,0.8655529359813552,COMPLETE
36,36,917.5010886,2023-10-11 21:23:20.394159,2023-10-11 21:29:33.327507,0 days 00:06:12.933348,relu,256,0.4,0.0009143362437061421,0.9,0.999,0.004806288482560961,-0.36490833783326315,2.0,10,512,medium,256,0.8703605743818834,COMPLETE
37,37,374.56954779999995,2023-10-11 21:29:33.328789,2023-10-11 21:50:28.395329,0 days 00:20:55.066540,relu,8,0.2,3.116777223234848e-07,0.8,0.98,5.962499061274204e-05,-0.7737483453634053,2.0,10,1024,small,-1,0.8153574085960135,PRUNED
38,38,259.32928400000003,2023-10-11 21:50:28.396008,2023-10-11 22:02:08.498477,0 days 00:11:40.102469,relu,16,0.2,5.72910085566693e-08,0.8,0.9999,2.0176129352872514e-05,-0.5584809877283797,1.0,10,1024,small,-1,0.8103369767633647,PRUNED
39,39,1001.013035,2023-10-11 21:51:14.784998,2023-10-11 21:53:32.794961,0 days 00:02:18.009963,relu,512,0.4,0.0017027304469427581,0.9,0.9,0.0002196763130848336,-3.6168305784866446,0.6,10,256,medium,256,0.9855810994063413,PRUNED
40,40,1408.3793644000002,2023-10-11 21:53:32.795824,2023-10-11 22:58:40.820487,0 days 01:05:08.024663,relu,16,0.4,0.0052415776287903495,0.9,0.999,0.002673096451527147,-3.654788863277633,0.6,10,512,medium,128,0.9317887964949809,COMPLETE
41,41,244.48906440000002,2023-10-11 22:02:08.499185,2023-10-11 22:03:27.014886,0 days 00:01:18.515701,relu,256,0.2,6.891199807484393e-08,0.8,0.9999,0.00021819328458132556,-0.9151159085086006,0.3,10,1024,small,128,0.8191727676419907,PRUNED
42,42,3704.9407754,2023-10-11 22:03:27.015787,2023-10-11 22:10:29.356080,0 days 00:07:02.340293,relu,128,0.4,4.481218636014261e-07,0.9,0.999,0.002036294186783434,0.20488744395870206,0.6,10,512,small,256,0.6120137329550599,COMPLETE
43,43,567.8645464,2023-10-11 22:10:29.357249,2023-10-11 22:13:09.918268,0 days 00:02:40.561019,relu,128,0.4,1.1674214700275984e-06,0.9,0.9,0.0003303896352217123,-0.35005776107967,0.6,10,512,small,256,0.6510458630467266,PRUNED
44,44,1146.64597,2023-10-11 22:13:09.918961,2023-10-11 22:17:44.368894,0 days 00:04:34.449933,relu,128,0.4,2.1300296828189755e-07,0.92,0.999,0.009749799734067621,-0.0358748998919336,5.0,5,512,small,256,0.6798048178258527,COMPLETE
45,45,410.9062774,2023-10-11 22:17:44.370042,2023-10-11 22:42:16.163141,0 days 00:24:31.793099,relu,8,0.2,3.636817826930763e-07,0.8,0.9999,2.3447494605795747e-05,-0.9255976494395411,0.3,10,2048,medium,-1,0.7312684458879322,PRUNED
46,46,425.9587702,2023-10-11 22:42:16.164042,2023-10-11 22:43:59.946478,0 days 00:01:43.782436,relu,256,0.4,0.0005502932246754027,0.9,0.9,0.005749241950692818,-1.493680106665377,0.6,10,2048,medium,256,0.941634698534525,PRUNED
47,47,398.90346960000005,2023-10-11 22:43:59.947299,2023-10-11 22:45:19.220355,0 days 00:01:19.273056,relu,512,0.4,0.00033081396293284734,0.9,0.999,0.08347696328849885,-2.727890620038724,0.6,10,2048,medium,256,0.8724137598917716,PRUNED
48,48,211.2744604,2023-10-11 22:45:19.221307,2023-10-11 22:47:18.932246,0 days 00:01:59.710939,tanh,128,0.4,1.1228239968897643e-07,0.9,0.999,0.05693478721197864,-0.05427910955650084,0.6,10,2048,small,256,0.6443582002286019,PRUNED
49,49,864.1078131999999,2023-10-11 22:47:18.933116,2023-10-11 22:50:02.303297,0 days 00:02:43.370181,relu,128,0.4,1.574066351069662e-07,1.0,0.999,0.015535993400217996,0.9268546277903809,1.0,10,512,small,256,0.4961476425881729,PRUNED
50,50,299.0378866,2023-10-11 22:50:02.303994,2023-10-11 22:52:33.502038,0 days 00:02:31.198044,relu,8,0.2,1.07874118055176e-05,0.8,0.9999,0.0003953557323390824,-0.19178751595127141,0.3,1,1024,small,-1,0.9069204835785083,PRUNED
51,51,2309.3591062,2023-10-11 22:52:33.502921,2023-10-11 23:04:52.738909,0 days 00:12:19.235988,relu,128,0.4,6.967978615903587e-07,0.9,0.999,0.0035702133481482407,-0.3912853006149749,0.6,20,512,small,256,0.9564145151957776,COMPLETE
52,52,1921.6097204000005,2023-10-11 22:58:40.821761,2023-10-12 00:45:09.382118,0 days 01:46:28.560357,relu,8,0.3,3.838564594571628e-05,0.9,0.999,4.6075639883274204e-05,0.6238033941631536,0.6,10,256,medium,256,0.6890033194897129,COMPLETE
53,53,223.2550678,2023-10-11 23:04:52.740118,2023-10-11 23:07:00.365198,0 days 00:02:07.625080,relu,128,0.4,1.4338727221831299e-06,0.9,0.995,0.024365714008822835,-0.7153082773449344,0.8,10,2048,small,256,0.5432958970218579,PRUNED
54,54,2602.784023,2023-10-11 23:07:00.366101,2023-10-11 23:14:26.932065,0 days 00:07:26.565964,relu,128,0.3,2.8621216100264224e-07,0.9,0.999,0.0013416977312994684,0.2501692415770487,0.5,10,512,small,256,0.46581075992458637,COMPLETE
55,55,418.6532448000001,2023-10-11 23:14:26.933324,2023-10-11 23:16:09.901023,0 days 00:01:42.967699,relu,256,0.4,1.9169196497061754e-06,0.99,0.999,0.0008124870652714796,-2.078216998562021,0.6,10,512,medium,256,0.7315888798491164,PRUNED
56,56,292.0839708,2023-10-11 23:16:09.901780,2023-10-11 23:17:14.090646,0 days 00:01:04.188866,tanh,512,0.2,2.29758247649249e-07,0.8,0.9999,6.285416353245379e-05,-1.4194446509448353,0.3,10,1024,small,-1,0.9951808074986956,PRUNED
57,57,2223.6778174,2023-10-11 23:17:14.091413,2023-10-11 23:24:37.523724,0 days 00:07:23.432311,relu,128,0.4,7.247950588073439e-07,0.99,0.999,0.002665563812120071,-0.3446099963049465,0.8,10,512,small,128,0.5074861100542273,COMPLETE
58,58,882.1462879999999,2023-10-11 23:24:37.524709,2023-10-11 23:47:07.603981,0 days 00:22:30.079272,relu,8,0.2,3.6779160987435335e-08,0.8,0.9999,0.0023953734702903524,0.8771112169988347,0.3,10,32,small,-1,0.8274402672526051,PRUNED
59,59,583.4506348000001,2023-10-11 23:47:07.604700,2023-10-11 23:49:14.560374,0 days 00:02:06.955674,relu,128,0.4,0.0005180572489678287,0.9,0.95,0.00304265253236231,-1.1025749495905455,0.8,10,512,small,32,0.42644925472847317,PRUNED
60,60,476.1164092,2023-10-11 23:49:14.561052,2023-10-11 23:50:16.927822,0 days 00:01:02.366770,relu,512,0.2,0.00018736347282299865,0.9,0.999,0.004412789698615512,-3.499695667913833,0.8,5,2048,medium,256,0.9389377558478231,PRUNED
61,61,191.9710988,2023-10-11 23:50:16.928601,2023-10-11 23:51:07.424319,0 days 00:00:50.495718,relu,256,0.3,0.0009262682626278835,0.9,0.999,4.8301747958678755e-05,-1.3766551406712169,0.6,1,512,medium,256,0.9510347840234371,PRUNED
62,62,2135.0923238,2023-10-11 23:51:07.425303,2023-10-11 23:58:24.522488,0 days 00:07:17.097185,relu,128,0.3,2.4939001828933577e-08,0.9,0.999,0.00516811905230109,-0.8596391289339271,0.5,10,512,small,64,0.63831718882461,COMPLETE
63,63,2529.1898415999995,2023-10-11 23:58:24.523707,2023-10-12 00:04:29.932083,0 days 00:06:05.408376,relu,256,0.4,6.436523814458223e-05,0.9,0.999,0.00915358748063442,-1.2286601599573417,0.6,10,512,medium,32,0.8631755306832496,COMPLETE
64,64,640.0012924,2023-10-12 00:04:29.933398,2023-10-12 00:06:10.521048,0 days 00:01:40.587650,tanh,256,0.4,3.581696301904989e-05,0.9,0.995,0.00027187213057626826,-1.4670732702889504,0.6,10,512,medium,256,0.8444104833588171,PRUNED
65,65,341.88833839999995,2023-10-12 00:06:10.521937,2023-10-12 00:26:54.368872,0 days 00:20:43.846935,tanh,128,0.3,3.5641872160888497e-08,0.9,0.999,0.003566972065370803,0.0732671368111637,0.5,10,8,small,256,0.23996110580325225,PRUNED
66,66,934.4337014,2023-10-12 00:26:54.369575,2023-10-12 00:29:02.227186,0 days 00:02:07.857611,relu,128,0.1,1.1177231275810018e-06,0.8,0.999,0.0005659389516211869,-0.36543268521355277,0.6,10,256,small,256,0.7105676605357828,PRUNED
67,67,293.7223594,2023-10-12 00:29:02.227877,2023-10-12 00:33:10.786593,0 days 00:04:08.558716,relu,64,0.2,0.0015778211846155694,0.9,0.999,0.00011582633168813468,-1.629384131084596,0.6,10,256,medium,256,0.9754471679387503,PRUNED
68,68,1970.8039772,2023-10-12 00:33:10.787565,2023-10-12 00:40:30.199192,0 days 00:07:19.411627,relu,128,0.3,3.054632686215491e-05,0.9,0.999,0.0037048356940734533,0.2691453094226677,5.0,10,512,small,256,0.5181639518742017,COMPLETE
69,69,302.1609518,2023-10-12 00:40:30.200440,2023-10-12 01:01:00.363204,0 days 00:20:30.162764,relu,8,0.2,4.1559914313659805e-06,1.0,0.9999,0.00015072339713242437,-1.0814705123234138,0.3,10,64,small,-1,0.9487604239643445,PRUNED
70,70,167.5108516,2023-10-12 00:45:09.383349,2023-10-12 00:47:19.300728,0 days 00:02:09.917379,relu,128,0.4,5.9998568415959524e-06,0.9,0.999,0.09543423612285515,-0.5598213504973711,0.3,10,512,small,32,0.6924154830084868,PRUNED
71,71,310.8339766,2023-10-12 00:47:19.301420,2023-10-12 00:55:30.098934,0 days 00:08:10.797514,relu,128,0.3,6.907804433897214e-07,1.0,0.999,0.0017420206769629544,-1.0343632159244924,0.6,10,512,medium,256,0.5210892672575566,PRUNED
72,72,2610.037196,2023-10-12 00:55:30.099850,2023-10-12 01:16:44.564992,0 days 00:21:14.465142,relu,32,0.3,2.6720300152769308e-06,0.95,0.999,0.0011229857294300328,-0.28845095647077124,0.5,10,512,small,256,0.5565530795372258,COMPLETE
73,73,1931.0131555999997,2023-10-12 01:01:00.364066,2023-10-12 02:26:05.366889,0 days 01:25:05.002823,relu,8,0.3,1.3041091077678283e-05,0.9,0.999,0.0022705698215141346,-0.47341709770587603,0.9,10,512,small,256,0.8750183861881685,COMPLETE
74,74,469.5877786,2023-10-12 01:16:44.566182,2023-10-12 01:23:58.102440,0 days 00:07:13.536258,relu,128,0.4,6.506123456072153e-05,0.9,0.99,0.005477653396185722,-0.37901798011242605,0.8,10,512,small,256,0.8979447128755655,COMPLETE
75,75,283.182267,2023-10-12 01:23:58.103683,2023-10-12 01:25:39.474898,0 days 00:01:41.371215,relu,32,0.3,7.106923624240687e-06,0.95,0.999,0.0001619097169000852,-0.10179998779864208,0.5,1,16,small,256,0.5920992497029041,PRUNED
76,76,2562.871892,2023-10-12 01:25:39.475569,2023-10-12 02:03:54.384680,0 days 00:38:14.909111,relu,16,0.3,2.351079438710522e-07,0.9,0.999,9.494476903458766e-05,-1.0103681179187538,0.5,10,512,small,256,0.32683693775113165,COMPLETE
77,77,439.93184460000003,2023-10-12 02:03:54.385971,2023-10-12 02:06:30.502914,0 days 00:02:36.116943,relu,256,0.4,6.288760622795896e-05,0.9,0.9,6.591976216785008e-05,-0.6451671981302926,0.6,20,512,medium,256,0.9099311713863413,PRUNED
78,78,1713.8528496,2023-10-12 02:06:30.503860,2023-10-12 02:08:15.534240,0 days 00:01:45.030380,relu,256,0.4,0.0019721472581658546,0.9,0.999,0.002781563379786728,-2.187429756202217,1.0,10,1024,medium,256,0.9319966925372528,PRUNED
79,79,426.3527446,2023-10-12 02:08:15.535122,2023-10-12 02:15:23.271114,0 days 00:07:07.735992,relu,128,0.4,1.0384661548297195e-06,0.92,0.999,0.006300652771072029,0.250858909509683,0.6,10,512,small,8,0.546282401872934,COMPLETE
80,80,320.8303666,2023-10-12 02:15:23.272329,2023-10-12 02:21:33.234293,0 days 00:06:09.961964,relu,32,0.3,1.7987576354837344e-06,0.95,0.999,0.00022363300672776604,0.5239619529201086,0.5,10,512,small,256,0.7118389329893001,PRUNED
81,81,1504.5695759999999,2023-10-12 02:21:33.235024,2023-10-12 02:25:06.568179,0 days 00:03:33.333155,relu,64,0.3,5.2816906538908975e-08,0.9,0.999,0.00024141086288874752,0.8397762946368361,0.5,10,128,small,256,0.5864083667243963,PRUNED
82,82,288.106563,2023-10-12 02:25:06.568905,2023-10-12 02:47:08.667743,0 days 00:22:02.098838,relu,8,0.2,2.8965594701418e-08,0.92,0.9999,0.0001162427058543686,-0.31177209082179363,0.3,10,1024,small,-1,0.801791009094378,PRUNED
83,83,2951.9696852,2023-10-12 02:26:05.368201,2023-10-12 03:04:44.326158,0 days 00:38:38.957957,relu,16,0.3,6.441991015893108e-07,0.9,0.999,0.0017252455580040564,-0.2380901834686407,0.5,10,512,small,256,0.35985293409797287,COMPLETE
84,84,355.3225336,2023-10-12 02:47:08.668457,2023-10-12 03:09:26.814723,0 days 00:22:18.146266,relu,128,0.4,1.8139815690863017e-08,0.9,0.999,0.00047641881497272997,-0.3067471930358048,0.6,10,8,small,256,0.6737226851564699,PRUNED
85,85,2841.3970927999994,2023-10-12 03:04:44.327368,2023-10-12 03:44:19.239298,0 days 00:39:34.911930,relu,16,0.1,6.110431385857153e-06,0.92,0.999,0.0016767612863413709,0.8225998056178168,0.5,10,512,small,256,0.3989823221880301,COMPLETE
86,86,1555.5307349999998,2023-10-12 03:09:26.815615,2023-10-12 03:11:34.722319,0 days 00:02:07.906704,relu,128,0.1,5.242781120317729e-07,0.9,0.999,0.0026085430508378045,0.6636695031336546,0.5,10,512,small,256,0.8477298763755083,PRUNED
87,87,2226.1653017999997,2023-10-12 03:11:34.723016,2023-10-12 03:19:02.193512,0 days 00:07:27.470496,relu,128,0.4,9.068058368789184e-06,0.9,0.999,0.007261728169028515,0.48276079206966965,0.6,10,512,small,256,0.2971190982199386,COMPLETE
88,88,2733.4703132000004,2023-10-12 03:19:02.194637,2023-10-12 07:04:19.787352,0 days 03:45:17.592715,relu,8,0.1,6.609911441412869e-06,0.9,0.999,0.002689022990466266,-0.5474621078456287,0.6,20,512,medium,256,0.43912950708571263,COMPLETE
89,89,698.1288218000001,2023-10-12 03:44:19.240641,2023-10-12 04:15:28.819109,0 days 00:31:09.578468,relu,8,0.3,1.2252837904402443e-05,0.92,0.999,0.0070558060682268916,-0.9385350156196611,0.6,10,512,medium,256,0.7096897673919965,PRUNED
90,90,2007.4046604,2023-10-12 04:15:28.819993,2023-10-12 04:17:30.003617,0 days 00:02:01.183624,relu,128,0.4,1.0046507060604015e-06,0.9,0.999,0.003590638806097635,-1.7700625898506341,0.8,10,512,small,256,0.6347058806947846,PRUNED
91,91,2235.004463,2023-10-12 04:17:30.004302,2023-10-12 04:52:57.130866,0 days 00:35:27.126564,relu,16,0.4,0.0007419436709597275,0.92,0.999,0.0007901195386980365,0.03551965035322269,0.5,10,512,small,256,0.22580403685212677,COMPLETE
92,92,327.2912832,2023-10-12 04:52:57.132155,2023-10-12 05:24:16.750721,0 days 00:31:19.618566,relu,512,0.1,0.05657442851586994,0.9,0.999,0.003978071740999409,-2.908215212748418,0.6,10,8,medium,256,0.8478734166262498,PRUNED
93,93,440.9453252,2023-10-12 05:24:16.751693,2023-10-12 05:35:02.789567,0 days 00:10:46.037874,relu,16,0.3,1.9342892836929947e-05,1.0,0.95,0.001360108457890033,0.6035717886455414,0.5,10,512,small,256,0.36185999360814747,PRUNED
94,94,273.35188439999996,2023-10-12 05:35:02.790305,2023-10-12 05:45:06.750098,0 days 00:10:03.959793,relu,16,0.1,4.873713556984799e-07,0.98,0.999,5.048367077623795e-05,0.9499292218151899,0.5,10,512,small,256,0.5134813322143948,PRUNED
95,95,284.66178920000004,2023-10-12 05:45:06.750777,2023-10-12 06:04:46.402758,0 days 00:19:39.651981,relu,8,0.2,3.495356968467168e-07,0.8,0.9,0.0001701135342035359,0.001313412578930695,0.3,10,1024,small,32,0.8662129246249486,PRUNED
96,96,447.820579,2023-10-12 06:04:46.403486,2023-10-12 06:14:56.911086,0 days 00:10:10.507600,relu,16,0.1,3.1126778625797977e-06,0.92,0.999,0.0004850153067206856,0.525886280456724,5.0,10,512,small,256,0.4138162721571858,PRUNED
97,97,374.1563418,2023-10-12 06:14:56.911971,2023-10-12 06:23:32.336155,0 days 00:08:35.424184,relu,128,0.3,5.938577238486229e-07,0.9,0.9999,4.9364485751732075e-05,0.13081692455425575,0.5,10,512,medium,256,0.2735545170942688,PRUNED
98,98,395.8424994,2023-10-12 06:23:32.337118,2023-10-12 06:26:51.302587,0 days 00:03:18.965469,relu,128,0.3,1.2095620511786722e-06,0.9,0.95,0.00034721571948937997,0.7205388427176764,0.5,20,512,small,256,0.2448064089996695,PRUNED
99,99,246.68488939999997,2023-10-12 06:26:51.303439,2023-10-12 06:37:32.715436,0 days 00:10:41.411997,relu,16,0.1,2.4868149979903142e-06,0.92,0.999,0.06837397089022777,-0.27162519143444563,0.5,10,512,small,256,0.21588979019360918,PRUNED
100,100,354.4148435999999,2023-10-12 06:37:32.716167,2023-10-12 06:45:08.649785,0 days 00:07:35.933618,relu,32,0.4,0.0031408132546809223,0.8,0.999,0.004249397162258011,-3.8136009000343476,0.6,10,2048,medium,256,0.9312026377565128,PRUNED
101,101,2174.3810372000003,2023-10-12 06:45:08.650731,2023-10-12 07:38:44.952063,0 days 00:53:36.301332,relu,16,0.1,2.7158215014794262e-05,0.92,0.999,0.0012682149464190507,-0.1365878485067037,0.5,10,512,medium,256,0.6008077336214581,COMPLETE
102,102,2027.0229404000002,2023-10-12 07:04:19.788623,2023-10-12 07:11:13.702497,0 days 00:06:53.913874,relu,128,0.3,4.636070061801704e-07,0.9,0.995,0.0007745174038266558,0.7305564289031341,0.5,10,512,small,256,0.43146429949435877,COMPLETE
103,103,448.54791879999993,2023-10-12 07:11:13.703703,2023-10-12 08:12:34.032178,0 days 01:01:20.328475,relu,8,0.1,4.378008354827777e-06,0.99,0.999,0.0014720605158980292,-1.4947353221878887,1.0,20,512,medium,256,0.40144902621343526,PRUNED
104,104,1947.5246604,2023-10-12 07:38:44.953428,2023-10-12 08:39:40.439400,0 days 01:00:55.485972,relu,8,0.1,1.0009887167639121e-05,0.9,0.999,0.000577628507739527,-1.3156759641031912,0.6,20,512,medium,256,0.29200998857615257,PRUNED
105,105,392.7658238,2023-10-12 08:12:34.032922,2023-10-12 08:13:31.947049,0 days 00:00:57.914127,relu,512,0.1,1.0683888051211622e-05,0.92,0.999,0.0003989315284575468,0.8455846774123654,0.5,10,512,small,256,0.4406593758128248,PRUNED
106,106,639.559784,2023-10-12 08:13:31.947788,2023-10-12 08:33:37.996130,0 days 00:20:06.048342,relu,32,0.3,1.0762808424180092e-06,0.95,0.999,0.0021772904130936354,-0.764431352122336,0.5,10,64,small,8,0.5950744669897637,COMPLETE
107,107,602.2076854,2023-10-12 08:33:37.997331,2023-10-12 09:38:58.201683,0 days 01:05:20.204352,relu,8,0.1,7.937193987678584e-05,0.9,0.999,0.0023868478789317964,-1.2492247284355598,0.3,20,512,medium,256,0.43360364215422154,PRUNED
108,108,325.3711452,2023-10-12 08:39:40.440330,2023-10-12 08:41:40.379878,0 days 00:01:59.939548,relu,128,0.4,5.387199667734656e-05,0.9,0.999,0.0009435574917915646,-3.7889056380132167,0.6,10,2048,small,256,0.7486840021868268,PRUNED
109,109,1648.6895872,2023-10-12 08:41:40.380566,2023-10-12 08:51:07.373891,0 days 00:09:26.993325,relu,256,0.4,0.0007054917888488898,0.9,0.999,0.0001188464808686541,-1.644759566350573,0.6,10,32,medium,256,0.9596329177286955,PRUNED
110,110,1488.797213,2023-10-12 08:51:07.374889,2023-10-12 09:04:35.643315,0 days 00:13:28.268426,relu,32,0.1,1.5785554213947023e-06,0.99,0.999,0.0010367074355285655,0.2938129503563446,0.6,20,512,medium,256,0.5109547318337992,PRUNED
111,111,510.849579,2023-10-12 09:04:35.644256,2023-10-12 09:06:14.471040,0 days 00:01:38.826784,relu,256,0.4,0.001225002593225021,0.98,0.999,0.000249706452787044,-1.2599978980610507,0.6,10,512,medium,256,0.8470268515983054,PRUNED
112,112,310.0839998,2023-10-12 09:06:14.471984,2023-10-12 09:17:00.699489,0 days 00:10:46.227505,relu,16,0.3,6.177753994068352e-08,0.9,0.999,0.021244687075405364,-0.5653610407467877,0.8,10,512,small,256,0.49594409424036445,PRUNED
113,113,2339.7239252,2023-10-12 09:17:00.700252,2023-10-12 11:21:24.029190,0 days 02:04:23.328938,relu,8,0.3,5.687276715727604e-07,0.9,0.999,0.0008782671943530866,-1.586094271656087,0.6,10,512,medium,64,0.5059557967564492,COMPLETE
114,114,244.6698628,2023-10-12 09:38:58.202571,2023-10-12 09:49:36.529670,0 days 00:10:38.327099,relu,16,0.3,1.76209151809877e-07,0.9,0.999,1.5809428258001626e-05,-1.5636103048587346,0.5,5,8,small,256,0.4470694829412527,PRUNED
115,115,65.46988079999998,2023-10-12 09:49:36.530363,2023-10-12 09:55:30.351101,0 days 00:05:53.820738,relu,32,0.3,1.5949259477428438e-07,0.95,0.999,0.17141102024368332,-0.38808379899980217,0.5,10,512,small,256,0.2680665258342203,PRUNED
116,116,302.0755242,2023-10-12 09:55:30.351793,2023-10-12 09:58:33.370093,0 days 00:03:03.018300,relu,8,0.3,3.0381448047138894e-07,0.9,0.999,8.359156884389792e-05,0.04803034732867434,0.6,1,512,medium,256,0.619676450702623,PRUNED
117,117,2776.3545958,2023-10-12 09:58:33.371065,2023-10-12 10:05:27.160445,0 days 00:06:53.789380,relu,128,0.3,7.917379739873495e-07,0.9,0.999,0.0005352152666907844,-1.6405098616364424,0.9,10,512,small,-1,0.2995894721406963,COMPLETE
118,118,622.5316398,2023-10-12 10:05:27.161453,2023-10-12 10:20:32.291788,0 days 00:15:05.130335,relu,16,0.3,1.5152252917749943e-06,0.9,0.999,0.003603862953520304,-0.0897960825331629,0.5,10,16,small,16,0.4337197878454032,PRUNED
119,119,2743.9640024000005,2023-10-12 10:20:32.292499,2023-10-12 10:50:53.516215,0 days 00:30:21.223716,relu,32,0.3,6.376551136022888e-07,0.9,0.999,0.00151244295791799,-0.11774860401911412,0.5,10,512,medium,256,0.480407895546523,COMPLETE
120,120,454.1549612,2023-10-12 10:50:53.517477,2023-10-12 10:51:58.445475,0 days 00:01:04.927998,relu,512,0.2,1.6264683057584326e-07,0.8,0.9999,0.001272746814249949,-0.7427568820609035,5.0,10,1024,small,-1,0.7165356621048881,PRUNED
121,121,2922.8682514,2023-10-12 10:51:58.446188,2023-10-12 11:00:07.529162,0 days 00:08:09.082974,relu,128,0.3,7.135367884072298e-06,0.9,0.999,0.00242736131985773,-0.8545607100646885,0.9,10,512,small,-1,0.5157320577235411,COMPLETE
122,122,343.9470248,2023-10-12 11:00:07.533128,2023-10-12 11:02:37.375987,0 days 00:02:29.842859,relu,128,0.3,6.471579177721426e-05,0.98,0.999,0.00019647548203148246,-1.877334236409277,0.9,10,512,small,-1,0.13559199530070393,PRUNED
123,123,1523.9009332,2023-10-12 11:02:37.376808,2023-10-12 11:12:55.725184,0 days 00:10:18.348376,relu,32,0.3,2.7093452235411256e-08,0.9,0.99,0.004231356834715787,-0.3451137623937028,0.5,10,512,medium,256,0.4974865945352305,PRUNED
124,124,421.921467,2023-10-12 11:12:55.726250,2023-10-12 11:31:08.716498,0 days 00:18:12.990248,relu,128,0.3,3.512671944081804e-06,0.9,0.999,0.005433050529777259,0.03839257400442375,0.9,10,64,small,-1,0.5115882627870492,COMPLETE
125,125,281.1536668,2023-10-12 11:21:24.042423,2023-10-12 11:44:37.623090,0 days 00:23:13.580667,relu,8,0.2,1.1213734239182185e-07,0.8,0.995,3.309206790690667e-05,-1.4626264405653204,0.3,10,1024,small,-1,0.9037968931339693,PRUNED
126,126,2173.5705885999996,2023-10-12 11:31:08.717684,2023-10-12 12:08:42.624850,0 days 00:37:33.907166,relu,16,0.3,4.158868292355543e-05,0.9,0.999,0.0023268848153872555,-1.1587632650937452,0.9,10,512,small,-1,0.6359595680320655,COMPLETE
127,127,597.3523262000001,2023-10-12 11:44:37.623800,2023-10-12 11:53:25.998714,0 days 00:08:48.374914,relu,32,0.3,2.1397588744107237e-06,0.9,0.999,0.010232810344382174,0.5049777252484264,0.5,10,64,medium,256,0.4137798341440482,PRUNED
128,128,214.7772922,2023-10-12 11:53:25.999665,2023-10-12 12:03:35.205628,0 days 00:10:09.205963,relu,128,0.3,0.00023292568622200173,0.9,0.999,0.24530578891305793,-1.1690971468047526,0.9,10,512,medium,-1,0.3954103427086015,PRUNED
129,129,485.4184472,2023-10-12 12:03:35.206595,2023-10-12 12:35:24.799439,0 days 00:31:49.592844,relu,8,0.4,6.32204118039966e-05,0.9,0.98,0.00032781717151709626,-1.8557512924152801,0.6,10,512,medium,256,0.8476028003981687,PRUNED
130,130,1230.7359744,2023-10-12 12:08:42.626170,2023-10-12 12:11:07.552066,0 days 00:02:24.925896,relu,128,0.3,2.0444624010816758e-08,0.9,0.999,0.00025493376008477804,-1.9768521961855512,0.9,10,512,small,32,0.22126782357170954,PRUNED
131,131,1074.0793832,2023-10-12 12:11:07.552789,2023-10-12 12:28:52.738608,0 days 00:17:45.185819,relu,32,0.3,1.3425283809144128e-07,0.9,0.999,0.005158376678111746,-2.028430058219106,0.5,20,512,medium,256,0.49618499160525276,PRUNED
132,132,2553.4901,2023-10-12 12:28:52.739504,2023-10-12 13:07:00.544842,0 days 00:38:07.805338,relu,32,0.3,9.416177238852383e-06,0.9,0.999,0.00024714536467861185,-0.844584532804165,2.0,10,512,medium,256,0.34305435082034463,COMPLETE
133,133,3626.7487300000003,2023-10-12 12:35:24.800436,2023-10-12 13:14:21.728426,0 days 00:38:56.927990,relu,32,0.3,2.2199428406023804e-07,0.9,0.999,0.0005695913419353216,0.5587134571630498,0.5,10,512,medium,32,0.41284523748830515,COMPLETE
134,134,,2023-10-12 13:07:00.546117,,,relu,8,0.3,2.4485817914698126e-06,0.9,0.999,0.0037485005734240492,0.6594688622319036,0.6,10,512,medium,8,0.6862307296512268,RUNNING
135,135,606.7793318,2023-10-12 13:14:21.729796,2023-10-12 13:15:44.241059,0 days 00:01:22.511263,relu,32,0.3,4.5124712646199096e-08,0.9,0.999,0.0022248996800984084,0.9112789919047737,0.5,1,512,medium,16,0.49187722308946663,PRUNED
136,136,,2023-10-12 13:15:44.242046,,,relu,32,0.3,9.868173618356176e-08,0.92,0.999,0.0006353272074858936,-0.22750598314498216,0.5,10,512,medium,32,0.18234797353714294,RUNNING
