#{"t_start": 1700750019.0363028, "env_id": "turbolander-2d-custom-v1"}
r,l,t
-81.291642,60,0.228466
-94.929721,55,0.250254
-100.942763,53,0.269148
-100.685354,55,0.289364
-103.174503,59,0.315923
-110.107924,55,0.336845
-108.978762,58,0.35819
-93.34495,49,0.375533
-132.517509,85,0.412558
-107.314425,61,0.434646
-109.708317,63,0.459127
-93.36006,51,0.478111
-118.868772,45,0.496997
-97.121858,60,0.520648
-84.57692,48,0.540134
-152.877754,86,0.572278
-97.372084,46,0.590849
-95.470171,47,0.609284
-107.648846,44,0.625718
-87.485165,58,0.64694
-105.827045,50,0.667676
-130.281164,57,0.688722
-201.360641,75,0.71693
-109.182886,46,0.734067
-103.560799,48,0.75404
-95.268737,50,0.772176
-110.756533,50,0.790863
-111.519084,54,0.810311
-113.217399,49,0.832867
-114.229754,56,0.853642
-97.42799,52,0.87266
-102.029815,59,0.894242
-104.231744,55,0.918066
-106.38533,49,0.935858
-114.561923,71,0.963391
-107.330876,71,0.988262
-94.828309,55,1.010497
-107.061597,54,1.032085
-117.441315,47,1.049613
-90.788949,55,1.069458
-98.518339,50,1.098264
-70.754473,57,1.135316
-103.273126,96,1.185484
-100.670785,53,1.205355
-95.871798,55,1.229189
-108.553091,44,1.246099
-94.723205,55,1.266373
-85.292,107,1.308342
-89.962893,63,1.337099
-98.840087,55,1.356294
-79.396509,57,1.3787
-95.343321,65,1.404589
-98.821139,60,1.432072
-101.275421,58,1.456175
-98.691112,52,1.47638
-125.294607,50,1.496973
-166.00683,71,1.529758
-85.866482,56,1.551611
-100.718556,54,1.571788
-108.503583,62,1.594062
-92.539245,60,1.617343
-85.087714,53,1.637546
-107.784597,52,1.655198
-107.670033,61,1.677727
-125.479307,54,1.699621
-102.398298,48,1.717952
-106.507122,56,1.739137
-120.42489,51,1.758655
-125.236412,52,1.781527
-94.200409,62,1.805354
-92.042652,70,1.833372
-96.967731,56,1.854549
-98.986151,53,1.876643
-96.837023,61,1.89819
-99.562456,49,1.918129
-94.36499,75,1.94655
-167.486131,118,1.98961
-97.939224,50,2.008202
-120.396102,48,2.02694
-95.818773,65,2.051821
-95.659504,64,2.076845
-105.785726,56,2.097091
-93.531226,48,2.114634
-118.344374,54,2.136754
-108.996361,51,2.157618
-102.024953,50,2.175616
-99.880597,48,2.193031
-107.336587,46,2.209643
-107.613627,52,2.230102
-89.681577,62,2.254832
-144.605427,50,2.272629
-104.529979,62,2.296978
-158.470788,57,2.323913
-112.260129,50,2.344447
-98.271777,53,2.36697
-95.230424,53,2.388021
-132.731672,59,2.413871
-149.19904,87,2.450873
-92.082557,57,2.470963
-104.565903,55,2.490759
-117.328231,54,2.51217
-117.761123,51,2.530579
-92.333773,65,2.555527
-109.141275,45,2.571725
-155.702883,68,2.599149
-88.179744,55,2.618463
-112.212347,53,2.637246
-96.078395,49,2.656004
-113.17314,57,2.678307
-81.240546,67,2.702778
-83.176494,61,2.724191
-103.891989,58,2.745562
-113.818138,56,2.770065
-138.452149,110,2.813994
-21.652882,94,2.854572
-105.586278,54,2.877682
-107.857641,64,2.904
-108.538559,51,2.925128
-104.820214,47,2.943896
-203.771162,87,2.986157
-87.882791,68,3.022979
-109.220061,54,3.047492
-136.446497,56,3.073184
-109.480055,50,3.093278
-108.360358,47,3.112903
-110.835204,61,3.135436
-86.69638,61,3.15803
-136.668012,89,3.191503
-102.572016,58,3.214705
-91.824109,52,3.233066
-118.36365,58,3.253643
-192.577181,131,3.31156
-136.103061,93,3.355489
-93.037122,64,3.382423
-144.210374,127,3.433421
-91.711785,70,3.459747
-112.962268,51,3.485887
-134.91812,131,3.545914
-126.532624,59,3.575991
-138.850809,53,3.59924
-112.538772,63,3.629992
-112.786052,51,3.651714
-106.940989,46,3.673348
-98.40537,66,3.70329
-120.376394,55,3.731659
-110.088451,57,3.752726
-114.90515,53,3.773035
-113.538087,55,3.792016
-76.178681,69,3.819403
-90.880748,57,3.840384
-110.82639,60,3.862055
-100.339847,59,3.885199
-77.045399,58,3.909305
-111.44743,67,3.934632
-99.694999,55,3.953952
-98.62155,47,3.970487
-87.507878,54,3.993501
-107.980561,57,4.014016
-114.890129,49,4.032317
-84.523297,58,4.052624
-112.415452,56,4.077201
-105.185003,59,4.099439
-99.450813,60,4.120637
-104.999596,64,4.144612
-130.080411,78,4.178991
-121.025576,61,4.201411
-114.167116,73,4.83441
-71.590785,61,5.208494
-136.455953,92,5.589251
-151.22041,78,6.111079
-27.667038,50,6.566095
-18.966392,56,6.891911
-69.620839,57,7.22985
-109.147857,61,7.545921
-7.774419,60,7.90218
7.250252,56,8.229125
-36.315617,47,8.545818
-6.670283,81,9.22989
-55.232051,68,10.028337
-125.738205,69,10.572384
-143.768418,84,11.128364
-124.525805,141,11.82835
-53.720615,129,13.287395
8.140797,57,14.291624
-17.69652,56,14.700495
-10.614392,54,15.133566
-28.329338,57,15.602052
-149.625833,102,16.128282
-74.356865,148,16.982666
-150.579598,106,18.353811
-13.019243,58,19.145045
-28.864478,66,19.582842
-107.032615,76,20.081291
-7.883059,58,21.081336
-23.555087,52,21.68931
-171.148814,90,22.13201
-79.48563,129,23.128127
-128.739588,96,24.663631
-12.807168,50,25.470059
-10.545196,49,25.956586
-88.538421,88,26.573462
-121.977989,148,27.33265
-86.477304,91,28.457244
-129.854818,96,29.197237
-138.257074,111,29.944767
-182.668447,114,30.803791
-136.576334,210,31.937346
-138.359309,85,33.54226
-22.146559,59,34.153251
1.141411,55,34.633879
-166.337919,100,35.127726
-140.479418,128,35.938741
-43.168843,64,36.87875
-16.699648,54,37.340942
-77.333024,112,37.783248
-88.020874,66,38.547158
-195.408072,146,39.092078
-122.708312,108,40.106641
-129.928593,174,40.935421
-183.150929,202,42.206576
-135.611354,94,43.572466
-89.538079,113,44.260551
-77.352422,76,45.031821
-57.200234,83,45.582595
-118.604184,76,46.168223
-188.717966,118,46.745214
-123.474403,99,47.81064
-30.303379,121,48.683402
-81.807713,101,49.631963
-159.780393,116,50.507238
-152.607505,130,52.287796
-59.908254,92,53.389469
-34.273197,61,54.4156
-50.883362,150,55.207593
-99.467495,73,56.774773
-23.889653,131,57.936083
-152.736652,115,59.385263
-132.824554,217,60.635433
-98.049995,103,62.41075
-91.374743,101,63.412977
-108.821005,177,64.317634
-160.497883,84,65.766369
-52.03108,102,66.687234
-45.336295,75,67.481648
-115.115136,95,68.370222
-148.255115,102,69.489295
-36.704933,82,70.582813
-61.666051,68,71.234455
-61.709302,137,71.817865
-107.229941,183,72.942962
-103.651488,104,74.377445
-60.600641,104,75.429709
-106.381923,111,76.740676
-111.507984,102,78.092285
-87.255876,128,79.482118
-104.20691,127,81.107818
-151.626093,90,82.688759
-53.197727,58,83.379291
-106.255425,109,83.88061
-110.471703,140,84.692422
-79.15569,82,85.732859
-77.02495,122,86.36345
-168.061909,109,87.235821
-115.415131,88,87.984746
-71.795304,134,88.647708
-76.181668,88,89.557245
-129.774853,63,90.155942
-180.946434,113,90.649598
-94.827525,158,92.602719
-19.879896,69,93.660384
-94.85626,158,94.229517
-55.438452,76,95.339315
-33.140884,97,95.903272
-137.37937,74,96.590809
-71.671546,96,97.129526
-146.012648,150,97.856912
-10.170978,72,98.831492
-169.719864,78,99.343366
-9.845411,86,99.950197
-68.513412,96,100.592489
-119.058172,102,101.284578
-52.891362,76,101.990327
-143.016935,162,102.606111
-54.917605,113,103.724358
-131.629572,89,104.502176
-82.268799,121,105.158623
-121.621974,97,106.009998
-164.438623,154,106.756329
-158.845744,205,107.9085
-38.32228,126,109.298672
-97.355535,101,110.169537
-123.030968,171,110.954067
-99.739021,173,112.700046
-131.398197,107,113.875059
-18.047328,125,114.66896
-43.286638,76,115.514967
-132.738549,116,116.095836
-101.589531,142,116.97881
-138.459139,85,117.950363
-69.545379,184,118.65893
-62.498534,76,119.916844
-41.988505,95,120.490478
-115.687953,99,121.176746
-34.78297,78,121.877257
-9.245613,93,122.486255
-169.292769,105,123.175589
-9.133253,65,123.919252
-124.338299,206,124.536575
-20.748224,93,125.925154
-68.474089,70,126.579339
-151.849473,125,127.112838
-38.615041,73,127.974956
-115.663655,174,128.588602
-107.565422,171,129.890949
-0.560142,84,131.056922
1.548077,118,131.684487
-5.689033,107,132.540232
-133.401567,107,133.311333
-14.393559,70,134.068656
-76.194287,91,134.594631
-76.670381,96,135.261815
-87.993986,124,135.996248
-35.690627,80,137.032723
-10.699627,98,137.768234
-42.500319,115,138.568604
-117.713756,168,139.508244
-16.843152,73,140.803045
-55.035086,157,141.667427
-150.083804,85,142.927196
-4.014489,86,143.557994
-31.521492,109,144.435722
-59.233422,63,145.195903
11.204814,87,145.667158
-147.309194,165,146.379913
-77.909025,80,147.518217
-12.98716,84,148.112544
-161.838921,139,148.772179
-112.566403,137,149.788429
16.764495,95,150.765519
-25.566893,89,151.456609
-181.786108,88,152.121724
-120.266411,177,152.836413
-115.963435,59,154.042977
-75.65788,162,154.547668
-168.597475,162,155.733977
-33.134408,91,156.856549
-125.573267,144,157.64896
-197.378815,149,158.814448
-28.937504,117,159.960454
-152.228354,114,160.833992
-49.326087,119,161.700168
-100.244335,83,162.556862
-162.465394,172,163.266195
-124.050352,219,164.599584
-2.399399,112,166.141851
-111.11686,136,166.99104
-44.344894,153,169.254643
-46.869648,111,170.637863
-167.505401,76,172.02385
-125.540188,152,172.821549
9.103595,99,174.428998
-153.244089,113,175.26688
-171.021486,141,176.26705
-16.313838,111,177.31162
-125.690169,108,178.099083
6.845512,89,178.929942
-36.248864,74,179.632569
-108.401165,173,180.342323
-180.128909,187,181.705498
-56.701334,63,183.034643
-89.416478,74,183.539436
-114.410023,87,184.118192
-76.745376,78,184.776448
-181.258776,209,185.479864
15.976483,78,186.952241
-78.489809,72,187.544261
-142.944268,189,188.194136
-16.520339,141,189.577497
-135.350055,156,190.680946
-3.343994,79,191.802619
-129.298652,92,192.429559
-173.771514,86,193.142965
-164.356349,226,193.921609
25.13193,75,195.550805
-168.530995,286,196.318287
-35.5702,87,198.303463
-40.6782,83,198.964062
-17.037659,71,199.57904
-99.759272,126,200.177873
-155.125809,217,201.387614
-113.097267,170,203.671964
-143.54442,134,204.950705
-51.187155,226,206.266357
-85.841279,92,208.011355
-63.768915,163,208.877166
-107.1387,224,210.31102
-138.655105,117,211.882864
-169.923712,254,212.925734
-166.672588,90,214.75441
-114.625653,117,215.466935
-12.835935,108,216.338263
-63.036543,112,217.187155
-100.74769,200,218.27165
-12.710363,80,219.770073
-117.544914,93,220.558764
1.277117,83,221.274379
-112.809091,172,222.045637
-57.957646,148,223.369926
-86.868237,95,224.475061
3.277855,157,225.286776
-104.774072,129,226.560357
-129.392693,104,227.516455
-28.105629,75,228.335767
14.405143,71,228.869825
-10.40063,84,229.496185
-92.6026,107,230.241932
-37.525364,154,231.279759
-14.436167,70,232.918371
-97.055707,125,233.476157
-147.909334,96,234.390249
-125.52826,94,235.198969
-89.446001,110,236.032485
-89.098471,114,236.93105
-66.161943,141,237.846941
-138.952154,90,238.91573
-83.153602,77,239.605266
-145.942915,76,240.188412
-144.540957,121,240.820316
-168.615378,155,241.827925
-17.597473,113,243.048568
-113.058454,168,244.183467
-3.761777,99,245.523095
-148.646285,104,246.299563
-120.817034,97,247.125048
-116.217088,88,247.905777
20.029886,181,248.65621
-143.251228,147,250.059618
-191.635009,121,252.327571
-12.585781,216,253.35613
-25.141538,55,254.937046
-154.659713,299,255.604974
-99.085125,187,257.781036
-12.902057,62,259.141899
-141.749733,170,259.767459
-123.603935,120,261.094883
-80.117387,92,262.909619
-88.124283,112,263.663682
-120.435415,105,264.660081
-39.375073,60,265.489562
-32.53344,80,265.982701
-154.945963,136,266.671524
-98.550915,276,267.927156
-134.74436,252,269.980161
-87.9735,144,271.900447
-44.713215,93,273.012487
-48.397755,99,273.767893
-113.436994,159,274.704922
-117.290594,140,275.905849
-86.795562,173,277.03301
-78.143537,101,278.320678
-184.376856,141,279.172746
-121.89774,128,280.455889
-4.833589,119,281.480038
-135.628202,142,282.432628
-145.302143,139,283.512932
-20.389165,134,284.603512
-42.774918,112,285.569133
-38.461657,168,286.430271
-59.870506,87,287.576609
-7.355179,89,288.196538
-95.673037,166,288.906934
2.732735,115,290.063483
-122.741969,116,290.899662
-110.510726,162,292.376806
-120.498568,91,293.482739
-8.389485,176,294.209694
-133.767099,111,295.416759
-23.687954,89,296.206032
-89.155697,152,296.897779
-73.487034,224,298.053927
-86.538573,111,299.588673
-89.706134,198,300.499511
-55.631827,100,301.842647
-82.137483,147,302.591743
-52.8434,113,303.646323
-94.71644,104,304.488038
-114.592079,79,305.226879
-80.857908,283,305.982874
-101.414978,208,308.019076
-117.444878,165,309.505696
-10.186653,114,310.683795
-16.918309,236,311.631526
-5.072504,154,313.322331
-82.582753,90,314.393087
-31.403991,65,315.031247
-76.030289,71,315.542851
-10.731862,258,316.251575
-82.621608,186,318.106636
1.035073,129,319.541878
-64.369517,92,320.577922
-70.134258,63,321.714787
-112.268304,172,322.708143
-139.065658,165,324.007827
-113.597847,102,325.652354
7.207725,199,326.621121
-109.427111,159,328.202506
-152.077505,113,329.63097
-14.876004,161,330.521244
-34.065057,98,331.650152
-106.872357,196,333.720597
-107.983345,102,335.083568
-14.000101,170,335.820614
-97.087629,115,336.99096
-69.332441,57,337.79068
-128.925372,128,338.257539
-117.194094,199,339.375747
-25.09981,59,340.712615
-34.67337,207,341.266222
-1.59436,87,342.690595
-149.762686,189,343.430067
-97.584042,264,344.879889
-91.755551,106,346.676589
-58.814988,132,347.47761
-113.97616,157,348.467885
-34.377024,140,349.609933
-149.044387,161,350.65547
-165.489459,100,352.105474
-9.899223,67,352.87011
8.552127,150,353.425324
-88.399602,77,354.42522
1.889386,134,355.019938
-51.644967,89,355.923306
-92.049643,146,356.593495
11.746744,92,357.596919
-164.24629,301,358.422086
-78.557605,72,360.35903
-54.127584,138,360.921022
-120.20158,185,361.929081
-63.441377,129,363.207405
-89.433381,180,364.159774
-36.330285,105,365.385055
-41.269305,64,366.087607
-4.099651,78,366.552876
-106.220766,101,367.117464
-199.785928,74,367.827511
-68.094064,91,368.357232
-80.75603,174,369.079159
-45.785168,138,370.282994
-147.118646,106,371.224868
-204.288364,94,371.953735
2.092709,134,372.670374
-12.771988,219,373.693155
-164.234081,155,375.190348
-28.227607,85,376.213483
-141.074315,146,376.860756
-0.818288,100,377.846069
-27.062607,102,378.559695
-61.29582,142,379.303648
7.921979,138,380.324656
-84.976291,122,381.337013
34.609314,154,382.930586
-166.011525,109,384.034639
-52.506914,218,384.948947
-11.217076,120,386.45875
41.101164,100,387.352607
-10.461783,94,388.078866
-12.750521,178,388.845821
-75.672313,54,390.037727
-138.087103,121,390.506181
-26.87993,149,391.435396
-33.813894,108,392.497012
-75.701202,90,393.280231
-172.985955,132,393.976149
-1.6601,92,394.917325
-0.571707,103,395.62207
17.605086,114,396.39952
-126.906321,77,397.214402
-30.216848,166,397.856023
-71.980198,117,399.054852
-50.997114,222,400.020266
-50.395632,81,401.594102
-122.666642,127,402.217573
-186.700665,240,403.279634
6.145241,139,404.965534
-4.110441,74,405.921058
-46.992128,93,406.465666
-103.86597,125,408.127638
-43.49892,112,409.015228
32.542303,116,409.833724
-141.64707,167,410.681147
-117.765886,115,412.387216
-22.79459,103,413.205375
24.837645,111,413.961068
7.273918,77,414.73611
-87.315269,171,415.364614
8.733512,94,416.551623
-5.446125,204,417.356369
-134.743508,140,418.805127
12.199734,95,419.801318
36.416537,99,420.504573
-73.419372,84,421.224301
-22.274432,105,421.858196
-196.705183,193,422.701218
-159.463782,108,424.045695
2.010303,89,424.825153
-153.232112,123,425.513529
9.163607,87,426.384623
-99.169335,78,427.019817
-1.903148,120,427.622392
-27.938322,143,428.532455
-56.768766,116,429.573043
-80.453726,97,430.389965
-125.779288,158,431.494054
-129.21723,81,432.638603
-161.378931,173,433.317476
-120.436794,107,434.561183
-111.190559,63,435.330768
-16.448316,90,435.81979
-124.249113,89,436.491262
-120.408009,126,437.244963
3.071863,110,438.312817
-71.334377,91,439.132013
-115.389567,74,439.81742
-197.606065,172,440.465629
-73.167463,72,442.072801
-156.692551,195,442.880967
-124.88686,105,444.317223
-155.67395,140,445.145773
-115.709396,141,446.219095
-103.428327,86,447.238276
-98.05081,231,448.010455
-78.73328,100,449.640741
-102.650633,77,450.379805
-126.427768,89,450.981287
17.685326,107,451.670046
-91.849668,90,452.463099
-35.459106,65,453.132851
-6.400572,166,453.710463
-30.349697,64,454.875684
-10.441365,194,455.483773
11.495929,103,456.877998
-27.067282,116,457.664579
5.388093,68,458.488301
13.326488,106,459.040926
36.483302,192,459.92852
-45.673951,67,461.274328
-132.925175,66,461.790881
-53.563117,147,462.372242
-27.918499,65,463.425431
-43.718085,105,463.953479
-108.174112,211,464.838141
-132.155623,88,466.346649
-93.185073,75,467.000276
-109.29701,80,467.583913
-174.720521,113,468.208164
-66.071698,134,469.096132
-111.79965,96,470.096274
-106.639871,77,470.805886
-12.794421,134,471.629604
-204.848322,116,473.079391
17.542401,63,474.207725
-103.342442,303,475.069613
-0.445438,66,477.687455
-131.180461,85,478.32235
-36.402042,118,479.154289
-44.783746,120,480.256933
-77.965223,231,481.553871
19.737611,94,483.258537
-208.41212,92,483.96514
-112.884191,91,484.680585
-14.178189,116,485.377608
-150.935007,186,487.492643
-155.035057,128,488.836297
25.408171,72,489.754807
-251.723389,207,490.394496
-134.968109,178,491.943612
-34.414005,104,493.238003
-61.844168,145,494.050795
-107.873929,118,495.105428
-30.528412,126,495.997148
-175.750982,135,496.941298
-93.577292,205,498.017819
-25.898496,94,499.46489
-41.750789,62,500.144799
-224.950574,182,500.714894
-133.786695,92,502.521295
-27.530399,200,503.363834
-13.755076,116,504.840704
-223.464628,171,505.788233
-48.024847,106,507.195544
-113.878283,112,508.115883
-14.468583,121,509.14703
16.040374,104,510.066532
-50.727964,135,510.914964
-20.780625,100,511.944465
-79.727074,97,512.730649
-18.807434,151,513.540138
-23.817096,132,514.683545
-106.298213,160,515.735886
37.419958,125,516.946491
-39.14539,158,518.019792
-107.887004,76,519.206404
-72.939474,108,519.844926
30.951548,130,520.737946
-125.074919,210,521.8471
-39.490903,168,523.57111
-123.946768,143,525.112079
-151.279897,193,526.543702
12.798264,66,528.278075
11.620161,89,528.939175
-16.192396,63,529.77486
-97.920118,95,530.428632
-32.246807,131,531.387614
-133.573454,138,533.088074
-147.495238,140,534.180039
-50.165178,101,535.235469
14.515431,95,536.020438
-3.089158,93,536.773887
-36.545648,83,537.492823
-90.347252,186,538.231603
-73.229385,111,539.618349
-150.231156,142,540.50896
-213.538187,135,541.608547
-6.407925,84,542.615728
2.576621,119,543.311992
-100.457742,117,544.236511
-109.091042,62,545.103585
-202.287055,137,545.655723
17.955591,90,546.687658
-147.015947,154,547.437917
-58.020684,137,548.6498
-107.313062,90,549.684177
-30.752638,56,550.364434
-91.75852,211,550.929744
-46.003457,208,552.592488
-35.69275,192,554.20268
-20.18188,120,555.64714
-82.451932,111,556.579593
-108.74793,67,557.413772
-78.82705,116,557.973021
7.273677,116,558.885975
-25.215775,175,559.84709
-40.157196,65,561.122314
-115.798627,174,562.172637
-135.962726,148,563.627364
-124.025051,80,564.715823
-101.981103,94,565.375042
-128.050483,193,566.194425
-84.756565,287,567.795895
-72.517543,167,571.030025
-131.680063,200,572.356388
-3.497007,104,573.853307
-23.731671,113,574.684853
-149.027932,215,575.654922
-92.044139,225,577.347235
-95.312864,243,579.112106
-15.977234,101,580.898589
-29.489505,127,581.715817
-94.502063,115,582.70024
-46.012396,78,583.574417
-71.461738,180,584.302289
-95.491382,99,585.667298
-152.479239,147,586.493092
-22.19538,95,587.736533
-4.946318,66,588.460449
-84.405716,120,589.030236
-71.24799,164,590.01123
-53.151842,254,591.386736
-112.304969,149,593.927251
-160.968047,110,595.077983
-24.218657,154,595.995481
-20.09598,225,597.292572
-42.23407,172,599.032876
-60.659046,74,600.325824
-191.445367,116,600.94576
-18.439693,113,601.868432
-160.802945,116,602.780967
-28.434656,105,603.745632
17.854531,155,604.648216
-138.723206,68,605.812513
-40.537664,111,606.400218
-125.693022,204,607.363186
-140.661041,162,608.955688
-64.225211,98,610.210552
-165.050138,178,611.062531
-127.664643,152,612.480185
0.147656,184,613.721012
-12.292923,117,615.150939
-65.460645,269,616.217012
-35.676003,114,618.237362
9.299371,108,619.145908
-180.063555,160,620.064754
-97.845676,281,621.444033
-86.983939,134,624.134842
-200.911554,211,625.276855
-107.58875,240,626.979309
-24.350955,126,628.838145
13.460494,217,629.924742
-198.651565,109,631.566005
-9.254499,85,632.433175
-39.887036,89,633.120084
-131.960764,202,633.927652
-52.086036,284,635.656459
-124.954454,236,638.368123
-50.363359,88,640.523719
-179.237886,148,641.469348
-51.183816,166,642.87469
-106.11757,80,644.4196
-93.249591,141,645.270148
-128.172982,206,646.706281
-55.35387,167,648.663254
6.410349,176,650.302014
-1.228054,78,652.056137
-152.916112,125,652.833349
-22.917288,129,653.873277
-9.818983,93,654.907057
-95.084705,206,656.78594
10.795453,96,658.361831
-99.775471,206,659.213526
-52.323433,141,660.808408
-229.132783,198,661.973826
-31.367887,67,663.43821
-59.837793,109,664.004429
-211.950896,210,665.05478
-29.407505,65,666.652011
8.169113,63,667.187113
-149.775816,89,667.7209
-161.972883,164,668.518439
-2.761066,84,669.797936
-30.152414,209,670.57989
-81.47873,258,672.351572
-77.342072,118,674.34133
-28.534118,97,675.28581
-94.924763,105,676.097777
-41.045931,112,676.948593
-26.772317,92,677.876878
-81.017185,248,678.776789
-45.801594,95,680.681379
-20.09352,101,681.464802
14.592072,272,683.086773
-99.350626,175,685.228481
6.32277,99,686.58216
-160.571187,67,687.366593
-182.53628,62,687.892992
-8.909347,145,688.45775
-182.799789,203,689.66026
-114.131849,103,691.175538
-91.166191,65,691.97198
-108.477183,203,692.603786
-9.91059,170,694.189507
-30.036185,125,695.509102
-154.49836,191,696.555228
-131.188922,168,698.140092
-92.758048,233,699.57376
-93.0992,248,701.483503
-158.494165,175,703.472178
-128.080507,203,705.28946
-212.891866,165,707.834474
-113.211702,213,709.28333
-71.653403,136,710.92134
-1.398835,68,712.691492
-127.394628,91,713.257016
-128.690793,288,714.146595
-126.263319,467,716.640978
-14.289534,78,720.048386
-142.821269,62,720.667887
-65.644771,107,721.193586
-10.387004,100,722.04143
5.757022,79,722.832207
-38.307957,289,723.639521
-164.109196,98,725.813699
-157.572495,138,726.638922
-147.66981,263,727.867557
-182.879641,192,729.93835
-74.935303,142,731.463477
-122.770865,173,732.65099
-92.131828,88,733.945246
3.147918,81,734.650859
-74.099037,65,735.287562
-154.798802,132,735.857523
-92.530808,165,736.959809
-148.868302,70,738.213321
-37.035959,123,738.781083
-16.347804,122,740.726116
-65.17511,121,742.135071
-109.818468,230,743.568677
-28.089879,124,745.40035
-70.736234,95,746.403435
-152.514338,90,747.196647
-55.32242,89,747.941842
-47.358393,101,748.684852
-35.574739,94,749.513838
-86.88861,220,750.402858
-48.857035,96,752.112043
-80.990791,73,752.885079
-27.129685,123,753.538643
-77.737038,231,754.647365
-114.311868,83,756.424441
-18.967551,183,757.190341
-80.344274,95,758.618644
-86.469478,187,759.808326
-111.451786,233,761.354872
-120.538322,151,763.160216
-113.180838,93,764.322555
-200.195479,84,765.062974
-86.137306,202,765.84099
-65.468989,93,767.543927
14.000159,77,768.365807
-155.336099,162,769.077129
-37.230937,172,770.407892
-76.817702,129,772.105669
-8.056296,246,773.674937
-160.630569,124,775.579041
-109.044601,73,776.537169
-113.611952,170,777.21638
-152.084368,105,778.542825
-57.095316,167,779.445322
-102.393045,167,780.794742
-61.324231,98,782.088579
-161.417924,138,782.929197
-57.466712,179,784.090039
-72.293773,209,785.572104
-101.415291,105,787.173633
-60.46129,145,788.058507
-99.396505,181,789.268097
-117.249243,140,790.702498
-131.489325,188,791.877284
-44.216571,65,793.307977
-91.695592,319,794.054392
-156.398687,215,796.562618
-138.907487,198,798.402344
-168.144439,220,800.081768
-96.55603,158,802.428547
-161.565554,130,804.006554
-61.355604,209,805.189116
-74.788378,125,806.993057
-119.278242,50,808.178195
-73.346894,236,808.851492
-34.493635,135,811.311089
-110.961187,196,812.751661
-114.05593,106,814.643008
-56.730443,110,815.688276
-63.35386,182,816.846478
-103.699714,153,818.603746
-136.955186,121,820.070189
-176.217593,236,821.374263
-63.412749,230,823.675765
-39.439957,77,825.770667
-143.540519,132,826.587622
-154.214059,252,828.005091
-65.482185,79,832.243677
-159.624467,149,833.25023
-154.044689,180,834.7513
-115.900482,135,836.430078
-134.530436,124,837.717002
-192.021715,141,838.931519
-90.818851,83,840.239835
-132.704342,195,841.160055
-35.852902,148,842.991443
-130.661581,308,844.590601
-177.32158,179,847.438043
-92.621583,98,849.089535
-90.302214,210,850.154863
-116.127533,104,852.080741
-51.917454,156,853.177931
-50.832133,141,854.72404
-172.477044,87,856.214066
-38.79097,89,857.155365
-140.55595,203,858.234988
2.6421,132,860.584385
-68.509976,166,862.089659
-59.336577,116,864.077173
-174.540732,121,865.121102
-50.775833,118,866.241056
19.788868,119,867.353424
-188.49531,246,868.635988
-153.242492,112,870.783746
-167.966282,108,872.133616
-112.975333,78,873.219405
-19.961887,130,874.007215
4.613397,119,875.14323
-55.523003,83,876.148623
-12.383033,137,876.970173
-121.264113,161,878.184074
-116.395309,172,879.57637
-8.163337,95,880.996407
-127.795856,187,882.116337
-50.075752,79,883.839617
-144.807265,221,884.652997
-102.973584,181,887.095975
-56.523309,169,888.746194
-55.853693,146,890.142333
-112.744353,181,891.406878
-122.033073,106,893.398943
-178.279586,229,894.412668
-153.294976,214,896.423703
-30.72614,64,898.131877
-95.458902,122,898.740377
-108.524129,113,899.81755
-32.889212,144,900.873619
15.315718,226,902.267603
16.287725,69,904.112374
-50.438053,116,904.801054
5.12183,167,905.900982
-136.588927,67,907.29235
-160.767453,269,908.070165
-60.168962,99,910.416032
-4.203754,244,911.425877
-18.871491,76,913.473493
-128.906168,151,914.22193
-107.069688,125,915.512682
3.863193,208,916.808493
-149.148574,64,918.728597
12.567643,79,919.430578
-146.125774,113,920.438733
-82.522154,97,922.584894
-44.972899,235,923.794872
-97.394677,113,925.769639
-177.476569,150,926.787296
-73.486691,120,927.972069
-95.580031,175,930.697806
-12.955844,77,932.245512
-130.956029,117,932.976017
-90.497437,169,934.148338
-130.417194,138,935.978355
-29.788716,155,937.294157
-53.362049,153,939.018718
-66.43051,89,940.460024
-72.36206,109,941.466609
-126.257148,134,942.918568
-135.749675,125,944.463676
-90.578751,142,945.651469
-195.040682,163,946.946993
-151.435938,243,948.471306
10.540197,70,950.751148
-69.514488,105,951.490785
-131.768007,85,953.157091
-79.529158,99,953.971491
-12.185513,83,954.844165
-123.559,109,955.697723
-138.646307,245,956.869263
19.166108,111,958.819417
-5.837757,82,959.732638
-132.346837,180,960.521089
-53.205505,195,962.033769
-86.238059,81,963.605217
-130.668958,132,964.359912
-43.262419,99,965.520781
24.321204,125,966.392714
-38.283864,118,967.5406
-54.694038,457,968.844995
-154.69071,105,972.981534
-57.397543,108,974.17179
20.593078,120,975.384753
-69.140104,164,976.539822
-83.671288,129,977.87846
-117.56295,89,978.916511
-130.656402,85,979.699108
-63.80086,172,980.474178
-156.908542,149,982.181152
11.279435,91,983.598382
-35.174729,362,984.59102
17.165626,107,987.442677
0.64991,193,988.408103
-39.969031,126,990.005557
-187.505675,139,991.07023
-36.762057,124,992.216858
-20.626914,86,993.189096
-17.718014,205,994.015433
-93.300602,112,995.607031
-132.082711,198,996.615798
-135.480784,79,998.134832
12.570246,58,998.775816
-102.692268,144,999.326895
-186.198438,105,1000.46771
-159.212949,72,1001.461673
28.154637,133,1002.221743
-95.389081,119,1003.332653
-120.021525,193,1004.385135
-164.777242,173,1006.012212
-101.605912,167,1007.594833
35.931386,126,1008.925412
-96.432386,123,1009.940902
-151.025707,202,1010.98827
-14.490428,114,1013.030465
-127.238919,100,1013.968443
-23.944877,196,1015.046677
-198.068043,252,1016.72006
-32.068259,193,1018.841121
-78.267966,116,1020.493218
-114.029507,121,1021.535294
-151.964166,140,1023.723851
-141.668865,288,1024.98672
-135.478386,97,1027.332942
-166.206455,134,1028.183011
-64.116751,102,1029.388375
-141.630786,166,1030.407192
-79.290092,126,1032.174136
-95.52255,200,1033.421977
-14.666167,114,1035.026858
-98.848186,91,1035.966776
-28.288803,67,1036.744057
-115.460327,89,1037.347198
-136.023743,162,1038.17205
-16.35444,83,1039.479851
-151.162932,139,1040.228244
-133.106494,179,1041.663022
-0.034886,66,1043.867763
-86.71945,197,1044.596161
-111.161056,107,1046.3217
-119.051601,118,1047.369033
-191.767408,111,1048.461413
28.056339,93,1049.465231
-75.767005,95,1050.324303
16.468445,119,1051.232877
182.842768,125,1052.388231
-184.658244,205,1053.635771
-142.897131,70,1055.404543
-9.931468,145,1056.1055
-146.732672,133,1057.404334
-23.509885,131,1058.534899
-140.560936,118,1059.657949
-25.274455,73,1060.638473
-99.297939,172,1061.341653
-96.218285,78,1062.800925
-154.321113,136,1063.68084
-126.289221,250,1065.747421
-116.558546,80,1067.915191
-116.070427,196,1068.789144
-140.939121,151,1070.55098
-101.306417,112,1071.804968
-121.852949,128,1073.439996
-178.246096,87,1074.636038
-32.939256,110,1075.430268
-123.082836,122,1076.486853
0.13147,114,1077.677421
-43.892413,86,1078.740415
-131.548468,179,1079.703258
-94.697246,140,1081.28492
-175.488307,149,1082.545572
-28.004695,129,1083.847292
9.821922,92,1085.00343
-89.382822,118,1085.828022
-85.345462,111,1086.860039
-106.788864,184,1087.878149
-182.055645,206,1089.423623
-37.099193,99,1091.112738
-104.108056,214,1092.15678
-119.103216,127,1094.108858
63.2477,137,1095.265926
-147.399334,134,1096.468484
-137.20086,94,1097.654823
6.348707,76,1098.501897
-91.151604,166,1099.27492
-60.726733,141,1100.752246
-79.878366,130,1102.387095
-33.146748,144,1103.800779
49.808863,83,1104.982392
-118.760829,93,1105.680854
-26.262885,115,1106.488921
-24.735012,167,1107.845377
14.393483,69,1109.399273
22.064229,94,1110.018056
-183.487583,147,1110.909918
19.889856,106,1112.240952
-155.628495,69,1113.130409
-60.995035,223,1113.876405
-7.12595,71,1115.682163
-71.572861,87,1116.284611
-137.04078,141,1118.32021
-12.023466,103,1119.44808
176.795785,95,1120.28428
-109.391226,111,1121.089284
-104.040186,188,1122.050261
-2.997273,86,1123.557207
-111.084826,350,1124.587383
-96.507871,108,1128.039037
-134.978826,190,1129.261309
-141.8846,174,1131.332727
-114.243748,68,1132.977864
-125.816054,86,1133.899423
-103.477348,164,1135.233126
-109.748858,218,1137.638316
-166.295858,243,1140.05299
-91.731476,169,1142.967216
-65.887937,226,1145.318549
-169.742977,111,1147.771924
-38.360358,131,1149.324721
-144.844967,271,1151.505136
-139.963429,160,1154.467576
-20.572381,60,1155.969705
-9.36787,93,1156.615446
42.315122,123,1158.017194
-102.781378,116,1159.594677
-51.624644,90,1161.28103
-140.218977,136,1162.622171
-90.17939,145,1164.292311
-123.882407,120,1166.135485
5.627919,86,1167.484054
-147.001534,164,1168.882769
-167.303879,358,1171.055414
-74.723178,192,1174.864666
-155.461557,139,1176.894913
4.441979,108,1178.887594
-45.925962,88,1180.289448
-0.373247,192,1181.819796
-135.91051,149,1184.219754
-104.451392,143,1186.008597
-72.268469,90,1188.006941
7.864111,105,1189.098747
-124.754071,146,1190.933394
-179.437846,118,1192.762217
-122.674718,155,1194.061186
-96.470882,150,1195.827929
12.637811,69,1197.672284
-5.892384,233,1198.65556
3.798729,176,1201.945173
-143.845407,154,1204.292822
-116.927602,108,1206.038261
-16.987765,114,1207.41681
-85.001224,169,1209.069405
-77.747185,168,1210.847619
-20.82479,106,1212.411018
-180.863591,130,1213.624301
-90.301021,90,1215.061619
-84.246708,161,1216.350766
-131.295558,122,1218.332352
5.142784,239,1219.927889
-164.885369,159,1222.588899
-17.973203,230,1224.486719
-10.673035,121,1227.132158
-28.932035,256,1228.880883
-108.737466,396,1231.789447
-107.957687,188,1235.732829
13.71722,87,1239.488612
-29.216131,103,1240.339543
-166.867118,122,1241.665243
-9.264604,108,1242.982756
-76.683291,186,1244.580184
-207.298494,419,1246.845162
-145.000053,258,1251.776867
-114.264395,197,1255.036086
-181.631457,248,1257.184461
-102.119157,95,1259.870016
-182.876293,280,1261.139011
-6.524348,87,1264.088659
-148.717144,138,1265.220236
-51.524386,158,1266.800241
-81.886248,98,1268.618706
-151.501613,100,1269.869205
-108.808524,78,1271.165677
-18.505812,89,1272.304154
-66.373939,149,1273.517655
-102.218745,209,1275.298809
-17.058119,72,1277.397704
-71.121608,127,1278.25836
15.629462,200,1280.070364
-133.576115,81,1282.253324
-60.425952,198,1283.346393
-6.800846,170,1285.600047
-149.133054,82,1287.425107
-133.995993,116,1288.394134
-210.193941,120,1289.690783
-134.929665,250,1291.40599
-37.599847,171,1294.131225
4.033405,148,1295.918002
-14.803768,71,1298.11233
-153.432679,142,1299.116216
-128.804035,173,1300.723127
-67.351985,132,1302.522659
-121.864053,302,1304.816715
12.825655,153,1308.139636
-40.100173,176,1309.662735
-46.821869,180,1311.484541
-6.768658,123,1313.50555
-64.34107,152,1315.100824
-68.644258,102,1316.981935
-58.784105,187,1318.227262
-7.668282,191,1320.446426
22.011574,98,1322.342173
34.148071,203,1323.327271
-135.395894,122,1325.775949
-34.824117,213,1327.659929
-70.706717,78,1330.552475
-126.193286,115,1332.06857
-152.181367,227,1333.561145
37.586629,120,1336.113694
-58.844424,244,1337.480757
-107.308396,113,1340.040469
-166.828219,197,1341.282194
-170.310209,162,1343.779131
-122.029435,238,1345.496794
-12.817847,139,1348.158005
-82.495929,128,1349.877823
19.973793,96,1351.155106
-13.164525,247,1352.231977
-61.747986,100,1355.212642
-36.758374,114,1356.52699
-50.269134,68,1358.859804
-42.715347,118,1359.720207
-100.658998,128,1361.11767
-121.287322,71,1362.451583
-1.310379,196,1363.530501
34.184638,224,1365.625125
2.805099,164,1368.370924
16.584927,159,1370.019028
-143.660112,123,1372.131072
-60.169965,72,1373.657855
-71.58431,100,1374.574205
-23.640085,59,1375.77151
-108.185495,144,1376.365963
-81.325738,95,1377.881703
-171.760506,102,1378.804109
-183.393522,233,1380.133172
-138.525682,231,1382.502028
-177.482456,115,1384.95658
-72.520829,122,1386.044404
14.232861,91,1387.283739
-143.041043,120,1388.44166
-81.026378,259,1390.042923
-139.49347,105,1392.592802
-88.515386,235,1393.903833
-142.479434,126,1396.431224
6.909847,80,1397.909287
-3.385915,189,1398.934291
-140.664232,130,1401.012221
-105.507872,251,1402.518511
-75.218667,150,1405.181255
-181.03522,171,1406.987584
-58.975811,86,1409.007019
-36.205985,119,1410.286883
25.415371,62,1411.494274
-122.123083,117,1412.143155
-131.037132,153,1413.281239
-84.816812,157,1414.973436
-173.162543,137,1416.658162
-79.710794,156,1417.989309
-151.458874,94,1419.760035
-1.21814,115,1420.917444
-29.401989,82,1422.018024
-83.797025,124,1423.084781
-161.101958,104,1424.719861
-100.202666,112,1426.045221
-111.680554,86,1427.119721
-41.344899,200,1428.071274
-132.475954,160,1430.118929
195.656459,171,1432.17174
-174.764922,245,1434.119112
-137.376034,216,1436.56086
-121.061561,75,1438.665513
67.701901,103,1439.533892
-50.556455,164,1440.610326
-138.850537,147,1442.549052
-33.625266,122,1444.336509
-98.29454,140,1445.958396
-95.338369,179,1447.581704
-91.229861,359,1449.724838
-98.83791,74,1453.770996
-78.790044,112,1454.498898
-85.426849,99,1455.626915
-98.695101,115,1456.784841
15.973666,114,1458.00493
-124.258125,163,1459.499491
-86.970057,258,1461.285507
-10.089083,114,1464.292835
-132.328465,212,1465.621586
-130.327661,111,1467.935096
-73.792619,93,1469.041153
17.689154,134,1470.120754
-117.413089,157,1474.1038
-117.918894,100,1475.759664
-26.473615,75,1476.700504
7.879189,106,1477.512591
0.447315,167,1478.84303
-88.063731,130,1480.696481
-71.326811,194,1482.429373
-161.230288,150,1484.928916
-112.50126,233,1486.653349
-124.985199,152,1489.489236
-97.918246,100,1491.333611
-90.711104,88,1492.517601
-44.880781,245,1493.649388
-152.583641,167,1497.008221
-20.075493,158,1498.819031
11.019959,103,1500.719167
-125.077847,104,1501.756976
9.56072,79,1503.060132
-121.356977,496,1504.84802
-190.619528,146,1509.966571
4.327156,92,1511.398233
-4.288259,115,1512.364058
9.459197,63,1513.668334
-64.89981,237,1514.512047
-84.608155,155,1516.938732
-10.874305,188,1518.433014
-126.858749,93,1520.160259
-113.196076,113,1521.185035
11.896591,147,1522.537104
-129.248593,201,1524.11931
-30.338058,112,1526.095427
21.599466,79,1527.325889
-110.516811,306,1528.463667
-197.055472,164,1532.010344
-145.21869,110,1533.708375
-20.160929,62,1534.962548
-38.90587,95,1535.606908
-7.629899,113,1536.624225
-83.096218,256,1537.932425
-134.160808,83,1540.545233
-132.996738,277,1541.736932
-96.630105,151,1544.883007
-188.406632,265,1546.747265
-181.515648,234,1549.788144
-96.024476,73,1552.708199
-152.363444,194,1553.819728
-162.647327,159,1556.224028
-156.506261,114,1558.049088
-39.240892,204,1559.244373
2.563451,76,1561.3599
-61.955974,136,1562.249878
-73.27361,193,1564.209825
18.930442,103,1566.731485
-39.641735,80,1568.468392
-91.578343,301,1569.650158
-142.330547,87,1574.441485
-5.78543,109,1575.469783
-156.064434,289,1576.768142
-67.89619,178,1580.643364
-44.673317,141,1582.228504
-72.618762,147,1583.517193
-130.028995,351,1584.991282
-183.038854,266,1589.253986
-103.899179,222,1591.511237
-135.234943,193,1593.372999
-98.331257,104,1594.898777
-179.980043,93,1595.914881
-22.329087,234,1597.117982
-20.15119,108,1599.339321
-53.514922,92,1600.433796
-117.25843,145,1601.325368
-1.091633,116,1603.184601
-135.87916,247,1604.404326
-126.553945,106,1606.671543
-153.667485,173,1607.70696
-167.821172,136,1609.428218
-81.47161,180,1611.252228
-145.634649,177,1613.460201
1.202998,99,1615.038512
-126.093493,112,1615.944377
-33.692092,136,1616.951366
-122.691986,123,1618.301388
-136.10337,114,1619.474733
-23.277669,179,1620.631884
24.211027,118,1622.108744
-127.879335,62,1623.061113
-33.957252,128,1623.662148
10.734701,91,1624.731498
-108.562505,76,1625.495752
-64.670931,53,1626.109851
-93.043279,178,1626.655197
-86.289998,93,1628.175151
-152.278346,123,1629.310841
-123.939859,111,1630.714714
-166.616351,116,1632.610725
-98.16097,176,1633.705291
-143.308902,198,1635.294985
-4.627092,74,1637.073206
-111.95049,163,1637.934495
-162.644534,184,1639.750163
-5.506473,118,1641.319958
5.201626,75,1642.416886
35.025748,233,1643.25196
38.746253,88,1645.244059
-126.07242,85,1646.052171
0.336312,167,1646.887277
-166.14133,262,1648.414136
14.613325,93,1650.969832
-103.73716,217,1652.126666
-69.850343,289,1654.861001
-194.883151,286,1657.527116
-133.877868,116,1660.17403
59.919947,112,1661.387345
-27.108425,69,1663.182024
-120.509771,165,1663.866545
17.586939,117,1665.600717
-125.655882,212,1666.686888
-226.296616,101,1668.524318
-142.067891,132,1669.410375
-17.457239,98,1670.619221
-85.190566,73,1671.55601
-83.85447,213,1672.281849
-8.42595,61,1674.568149
17.958925,85,1675.419131
-180.61126,90,1676.293271
-74.519398,100,1677.148286
-68.918572,77,1678.075916
-42.147626,149,1678.879886
26.37924,101,1680.239163
-175.145874,97,1681.136839
-27.598654,274,1682.13647
-169.829017,147,1684.342981
-150.625714,109,1685.587938
-66.288039,188,1686.748412
-117.337403,84,1688.36104
-53.185609,145,1690.332136
-131.843349,100,1692.037272
-122.808656,113,1693.115308
-19.106471,69,1694.097949
-42.04492,157,1694.794871
-132.18532,104,1696.252417
-3.17913,305,1697.482678
-59.761198,174,1700.362093
-149.971179,169,1701.833463
-175.492559,169,1703.281335
-23.420518,115,1704.702582
-36.848509,166,1705.775183
-15.613006,253,1707.359554
-137.100138,123,1709.880266
-81.954414,97,1711.001873
-45.650014,179,1711.961564
-128.853813,128,1713.491351
-33.344761,232,1714.794482
-96.955481,99,1716.76072
-72.170679,221,1717.892714
3.146227,187,1719.894974
-130.336907,191,1721.58478
-138.291831,124,1723.927621
-111.47896,189,1725.090425
-18.334637,140,1726.923533
-47.132585,177,1728.278069
-137.126138,193,1729.86771
-71.167865,128,1731.531689
-120.67071,81,1732.790344
-93.053198,80,1733.485016
-76.900024,127,1734.213461
-121.180199,173,1735.607607
-99.766273,192,1737.398453
7.565922,118,1739.207986
-27.916931,107,1740.358443
-187.703376,113,1741.395386
-165.628263,56,1742.352857
-129.112439,120,1742.892099
-67.381094,119,1743.912197
-38.577645,189,1745.015721
-147.381264,116,1746.790665
-97.970816,137,1747.94492
-181.926117,180,1749.180047
-9.954138,198,1750.751202
-131.06441,210,1752.980477
-81.889608,102,1754.834885
-129.224082,215,1755.823966
-116.908298,279,1757.658618
-8.264762,268,1759.983194
-117.240047,71,1762.28165
-46.243802,204,1763.079627
-10.272725,93,1765.102153
13.357278,99,1766.185959
-58.746171,237,1767.294099
16.778731,68,1769.446988
-5.189614,120,1770.085667
-134.404115,183,1771.588085
-117.55059,103,1773.328999
-106.013024,230,1774.353887
-164.03655,140,1776.402717
-30.948046,172,1777.670256
-59.230046,135,1779.170913
-137.789652,73,1780.271762
17.151378,82,1780.902287
-102.997836,76,1781.712537
-128.796043,107,1782.797419
-94.132642,455,1785.391395
-158.083369,157,1789.109893
-114.746602,79,1790.560914
-12.601395,96,1791.248433
31.306398,184,1792.149522
-60.973457,109,1793.665547
-10.93835,115,1794.612445
-98.642399,142,1795.616386
-6.772918,90,1796.797981
-110.729968,207,1797.707816
-108.700723,152,1799.577248
-66.011093,185,1800.974746
-175.006122,133,1802.713025
-94.700734,178,1803.903187
-101.207357,83,1805.346453
-84.789802,124,1806.072438
-135.23399,116,1807.097412
-36.682957,139,1808.08176
-142.876661,197,1809.272194
-136.862917,248,1810.935008
-93.348251,138,1813.721725
-36.804706,117,1814.852003
-70.450281,110,1815.833991
-112.303458,120,1816.803036
-17.667392,97,1817.811077
-148.945593,181,1818.740066
-183.169714,322,1820.426816
12.453154,200,1823.129086
-54.094832,169,1824.801403
-11.397065,100,1826.171659
-114.460784,136,1827.039373
-72.304919,88,1828.139074
37.14305,141,1828.957489
-16.320831,61,1830.068768
-47.927655,120,1830.637795
-162.565997,135,1831.730228
-83.593648,97,1832.860017
-132.529997,140,1833.689901
-64.535021,111,1834.848456
-92.266973,66,1835.741398
-1.574537,96,1836.329505
-78.356707,258,1837.261877
2.487028,158,1839.283089
-9.803234,81,1840.649966
-179.146192,109,1841.383303
-158.528037,131,1843.541082
-111.541387,155,1845.2874
0.638295,95,1847.126402
-149.133189,317,1849.061875
-90.74177,122,1853.209803
-73.228402,212,1855.028554
-131.321954,106,1857.807527
-52.147522,83,1858.975696
-121.921113,117,1860.129274
-42.054502,75,1861.665191
-72.814724,141,1862.576075
-42.581007,288,1864.58923
-113.150832,142,1868.248471
-30.928839,163,1870.13195
-21.58484,93,1872.722651
-158.07436,103,1873.9894
14.441099,85,1875.35185
-52.272325,129,1876.704394
5.849802,81,1878.287174
-189.944782,237,1879.554209
-100.239741,249,1883.145174
-77.501761,146,1886.720169
-87.192052,118,1888.747759
-129.117735,133,1890.320531
-12.686485,107,1892.497427
-67.460161,320,1896.307874
-61.834166,280,1901.289306
-174.005942,132,1904.903248
-92.092538,189,1907.169494
-90.08269,232,1910.180449
16.745944,175,1913.079861
-121.21633,64,1915.547846
-144.841029,58,1916.477047
-112.24128,193,1917.526417
-19.959404,352,1921.02003
-46.28412,132,1926.332636
-35.633886,168,1928.386006
-132.170526,171,1931.434548
-146.345922,191,1934.142422
-4.193101,95,1936.795642
6.579357,93,1937.991763
-117.533016,222,1939.338126
-47.250426,126,1942.592508
-84.619752,106,1944.493302
-2.611376,64,1945.879625
-158.5835,156,1947.020469
-116.796395,244,1949.447599
-120.261934,150,1953.481101
-149.348119,439,1956.277258
-170.509332,205,1962.879398
29.956581,320,1965.98136
35.438999,136,1970.047686
-59.731819,86,1971.787764
-20.230424,138,1972.954785
-87.582163,191,1975.182923
-77.729661,167,1977.588584
-103.276998,105,1980.242113
-48.674475,79,1981.978951
-27.621146,482,1983.948937
-136.953824,213,1991.18224
-178.070154,73,1993.929725
-129.316101,141,1995.18641
-114.677787,187,1997.481137
-106.653135,107,2000.652765
-15.465169,183,2002.61729
-96.787022,222,2005.402241
-112.408152,142,2008.950666
-36.865392,116,2011.011931
-108.130034,226,2012.716347
-115.007598,157,2016.140449
11.559927,153,2018.491963
-53.563621,63,2020.551471
-117.445976,245,2021.844745
-28.234712,127,2024.687519
-59.140677,126,2026.605086
-96.346039,97,2028.200521
-76.557779,93,2029.671123
-0.454717,77,2031.022245
-41.896325,277,2032.381386
-18.186516,163,2036.074716
-73.166519,143,2038.44525
-119.384804,110,2040.466783
-125.790017,138,2042.009294
-147.695282,88,2044.032462
-89.416841,320,2048.233611
-186.2928,180,2052.587851
-128.129584,185,2055.28347
-94.47001,131,2057.62005
4.299522,113,2059.285047
-129.960817,362,2061.777826
-57.708209,92,2066.644448
-171.370363,106,2068.250461
-76.25466,149,2069.965218
-193.796909,139,2071.948727
13.186719,92,2073.997191
-138.030737,171,2075.689329
-94.729774,84,2078.344742
-58.312202,111,2079.579741
-148.652553,203,2081.441054
-109.176943,184,2084.431511
-13.53261,173,2087.150427
-86.73536,303,2089.801177
-147.159108,64,2094.094725
-136.144184,126,2095.023218
-70.289772,338,2097.090492
-61.913255,174,2101.18467
-49.213602,99,2103.711635
-6.078596,91,2105.352765
-173.985456,141,2106.965065
-124.427831,109,2109.104294
26.140362,163,2110.653565
-132.67981,110,2112.841742
-13.140689,120,2114.579862
-152.026341,100,2116.164473
-14.966643,94,2117.677133
-145.714197,157,2119.116321
-88.485407,95,2121.292498
-103.545034,143,2122.999542
-10.095169,174,2125.297285
-94.581444,343,2127.955789
-125.974585,161,2132.66359
-99.406504,338,2135.140633
-22.687975,110,2139.527677
-144.440669,168,2141.187524
-142.838766,136,2143.672137
-32.939833,124,2145.730018
-154.210587,85,2147.606779
-66.709893,155,2149.107571
-85.682176,122,2151.257359
-0.794331,133,2153.359861
-120.563512,90,2155.123949
0.297305,101,2156.695989
-139.407691,181,2158.155213
-42.530035,126,2160.557601
-102.010982,141,2162.362924
-76.709632,180,2164.509024
13.465953,113,2167.149109
-43.785454,125,2168.743456
-159.666655,174,2170.614366
-53.605569,164,2173.169913
-43.090556,112,2175.188941
-32.892192,131,2176.558483
-110.030895,88,2178.353458
-133.644392,99,2179.694165
-109.422486,100,2181.029529
-117.920242,116,2182.607827
-24.514052,271,2185.620571
-15.248573,208,2191.008548
-33.905389,235,2194.195243
-1.037106,94,2197.19859
-58.065141,120,2200.165703
-257.769748,232,2201.910547
-104.984706,151,2204.85969
-39.012115,160,2207.05788
-0.898763,239,2209.564046
-158.180679,106,2212.7921
-17.028291,154,2214.368655
-27.198583,99,2217.658429
-147.462971,93,2219.254706
-138.881473,161,2221.171473
-64.589117,286,2224.101297
-163.41578,114,2228.099447
-154.172364,138,2229.75486
-7.356011,94,2231.503173
-13.421898,73,2232.703743
12.322701,73,2233.828265
-152.691979,164,2234.88245
-151.292553,196,2237.05422
10.448965,72,2239.519908
-52.093448,115,2240.668122
25.056139,102,2242.179144
-46.547466,272,2243.837837
-149.259237,83,2247.211449
-87.170124,155,2248.499988
-79.493625,117,2250.605911
-27.220486,134,2252.116684
-157.225131,66,2254.301129
-116.487347,133,2255.376544
-18.405672,210,2257.817578
-26.314781,339,2261.14183
-125.800246,49,2265.291891
-56.712346,78,2266.086122
16.894319,109,2267.349169
5.700957,92,2269.016544
-129.444191,91,2270.205271
-106.452193,85,2271.413802
-166.34596,171,2272.93733
-10.214998,92,2274.997961
-199.79021,199,2276.486355
-123.386539,183,2279.592101
-83.087457,84,2282.196078
-161.980035,88,2283.461676
-4.998103,105,2284.843522
-131.52172,108,2286.308292
-142.619483,192,2287.80623
-87.458055,101,2290.259041
-165.608814,78,2291.583548
-0.961584,99,2292.856109
-157.140965,158,2294.325141
-122.583638,182,2296.548795
-166.897991,118,2299.056504
23.908745,181,2300.494982
-35.112566,185,2303.321593
-21.302373,98,2306.006629
-15.475323,117,2307.860057
-95.33655,85,2309.873855
-6.747542,140,2311.030165
-185.292672,181,2312.695074
4.00851,115,2315.220146
-173.710835,87,2316.755751
-123.006516,172,2318.187293
-38.743136,106,2320.463467
-2.421944,160,2321.943681
-48.077293,130,2324.143393
-7.924863,112,2325.731484
-117.327564,200,2327.162532
-138.010685,99,2330.072422
-4.326677,172,2331.765199
-59.311674,193,2334.079437
-112.317274,108,2336.791527
-18.000697,86,2338.31634
-80.923139,124,2339.865202
21.611597,91,2341.462009
-33.581033,165,2342.771415
-182.554761,253,2347.938487
-124.517162,101,2351.579602
-124.512894,118,2353.026245
3.942585,152,2354.907667
-0.821319,185,2357.131902
-23.175042,92,2360.038554
-67.947954,170,2361.709917
41.356256,112,2363.946276
-30.14209,100,2365.643186
-89.8369,140,2367.317629
5.263664,103,2369.239723
-131.240148,228,2371.108892
-132.146328,202,2374.342323
-44.547958,150,2377.146362
-59.224431,166,2379.444224
14.547165,105,2382.169759
-114.315386,110,2383.437963
-139.18179,122,2385.275022
-105.8788,98,2387.081961
-143.740324,58,2388.711894
-80.339893,189,2389.755299
-7.574901,87,2392.584224
-113.466656,109,2393.880748
-111.273901,125,2395.378362
14.426993,66,2397.173251
-210.196543,190,2398.380035
-104.346947,86,2400.771316
-128.330317,122,2402.062447
-70.623927,194,2403.715684
-95.258945,243,2406.645913
-16.632593,124,2409.498173
-189.768926,235,2411.263975
-130.324806,113,2414.359265
-44.328943,93,2415.771357
-7.177511,110,2417.144651
-177.842001,136,2418.864135
-89.236707,78,2420.668635
16.697698,87,2421.741007
-45.142082,178,2423.361307
-92.90417,283,2425.925757
-170.813938,160,2429.475553
-19.004152,74,2431.791927
-84.555751,273,2433.370225
-207.463903,170,2437.167006
-84.854683,200,2439.821264
-60.324792,95,2442.511538
-62.284712,157,2444.072504
-66.570011,159,2446.778451
0.17085,117,2448.973408
-137.488632,235,2451.054583
-121.907434,188,2455.437135
-43.341605,161,2458.394289
-122.381101,149,2461.267447
-175.496799,127,2464.076264
-84.171273,106,2465.751372
-143.802885,91,2467.532829
0.544999,113,2469.037829
-103.771712,79,2470.821404
23.403815,183,2471.913899
-63.789168,425,2475.12262
4.97823,82,2481.291903
-87.867001,186,2482.637138
-140.277869,183,2485.476418
-31.214666,248,2487.867914
-108.302071,289,2491.835191
-152.512781,199,2498.357058
-156.856751,196,2500.810811
-25.667538,226,2503.739561
18.430963,101,2507.032429
-8.275594,120,2508.387673
-149.053454,140,2509.988171
-54.848399,221,2512.234456
-116.722333,181,2515.030727
-63.633085,209,2517.981467
-92.068439,102,2520.836194
-7.223313,320,2522.630967
-189.21301,370,2527.167398
-110.011645,117,2532.379598
-93.689039,150,2534.043848
-143.739448,140,2536.136005
-118.192833,201,2538.541263
-89.672503,92,2540.961945
-78.252205,134,2542.614627
-163.0803,205,2544.591812
-145.228524,99,2547.757451
-115.089723,148,2549.191725
-119.352481,172,2551.98874
-148.910042,128,2554.628115
-31.170056,111,2556.877051
-118.194052,141,2558.727048
-104.680016,164,2561.346307
-134.603089,96,2563.826461
-75.353506,125,2565.228088
-174.556752,145,2567.203958
-96.840038,181,2569.305323
-188.38775,249,2571.679902
50.673026,110,2575.502569
-77.612398,169,2577.216132
-69.774737,229,2579.780657
-31.944068,88,2582.861321
25.945221,94,2584.291597
-135.753284,196,2585.635373
-195.15573,144,2589.019228
-120.427852,94,2590.724428
-158.254155,156,2591.969366
-146.585878,138,2594.34644
8.689193,144,2596.481365
-100.269095,69,2598.550953
-48.332413,214,2599.804502
-177.152766,267,2602.752771
1.825634,109,2606.574784
-111.813818,500,2608.75097
9.161733,143,2616.619085
-148.267245,200,2618.827456
-24.762611,79,2621.825922
-189.973619,270,2623.720803
-144.13666,134,2628.23952
-44.937204,148,2630.713295
-83.615532,142,2632.757069
-111.99889,177,2635.191852
-175.539716,156,2637.651769
-109.802204,156,2639.880688
-49.287517,88,2641.958868
-150.925072,79,2643.128249
-111.044937,95,2644.140779
-83.839073,117,2645.70839
-15.168403,287,2649.912479
-20.631461,113,2654.045871
-63.097176,86,2655.785128
-79.947929,106,2656.980852
-82.119151,185,2658.682559
-98.584627,157,2661.60663
-154.420992,132,2663.89652
-130.507188,254,2665.721951
-166.52472,166,2669.375352
-125.499004,115,2671.773964
-135.440384,256,2673.825833
-63.908024,109,2678.5823
-163.043633,134,2680.363383
-120.513076,105,2682.492499
-10.579284,158,2684.189836
-122.074254,127,2686.583534
-86.596451,92,2688.331119
-174.036928,144,2689.634425
-22.731538,102,2691.822316
-185.883659,238,2693.411979
-20.930382,215,2697.096808
10.764966,112,2699.874246
1.371832,90,2701.190997
-104.818184,157,2702.742439
-118.26927,84,2705.2085
-135.912072,176,2706.321505
-87.235539,105,2708.631675
-167.097362,86,2710.27141
-107.975753,91,2711.54063
-129.622764,185,2713.075877
-92.784326,347,2715.933706
-95.657462,74,2720.426926
-145.811827,160,2721.516672
-118.853881,104,2723.62812
-128.180371,70,2724.736351
-31.217698,118,2726.060626
-90.851759,197,2727.772858
-98.153217,104,2730.395656
-78.063962,123,2731.999037
-77.182941,126,2733.68184
-104.063738,111,2735.359691
-132.347115,171,2737.050222
-106.634344,144,2739.65461
-130.94127,170,2741.957945
-110.992625,94,2745.005574
18.624345,98,2746.611152
-7.755338,144,2748.07617
-77.580872,70,2750.095545
7.00574,106,2751.37732
-24.045676,166,2753.041686
8.975958,133,2755.174627
-34.477053,160,2756.680157
-82.468284,102,2758.919736
30.749049,102,2760.425215
-100.362238,186,2762.053041
-41.361428,93,2764.399397
-38.088202,96,2765.648028
-84.450542,116,2767.414595
9.535522,129,2769.215043
-60.0056,65,2771.067878
-9.150404,66,2771.90436
-79.764606,119,2773.216452
-0.458262,111,2774.806823
-46.142806,134,2776.988499
-99.661008,69,2778.825208
-52.540279,120,2779.737153
22.587643,95,2781.553695
-181.996834,145,2782.847698
-64.197144,108,2784.701823
-134.310204,128,2786.503839
-30.117506,149,2788.418157
-182.836622,158,2790.74709
-124.496583,262,2793.429805
-111.178732,70,2796.927996
28.089115,109,2797.911136
-1.135957,141,2799.461825
-61.995339,195,2803.401183
10.247107,126,2806.092496
-123.782694,208,2808.0614
-128.857269,201,2811.585932
2.651617,93,2814.509716
-92.146944,144,2816.081337
-16.322527,364,2818.689813
3.206512,500,2824.04094
-18.899647,137,2831.410784
-161.879183,280,2834.096279
-189.084572,154,2838.321143
-33.601293,90,2840.901237
-107.042149,79,2842.554041
-101.475062,142,2844.044325
-105.598409,94,2846.557171
-26.205685,88,2847.950182
-34.33458,86,2849.153033
-171.501607,194,2850.504144
-98.74256,146,2853.259158
-103.795612,275,2855.507386
-56.481473,74,2859.658221
-99.385825,110,2860.998381
-120.130204,241,2862.83235
-12.448414,96,2866.800145
-169.990133,178,2868.234938
7.439294,95,2870.646476
-170.630998,135,2872.34445
16.470998,90,2874.258829
-99.61808,449,2876.176305
-24.367159,98,2882.509511
-138.504193,105,2883.888773
-122.589274,144,2885.615477
-7.677045,197,2887.828566
-66.903719,127,2891.013247
-141.398199,401,2893.787276
-13.855003,93,2900.939658
-47.685309,127,2903.070834
-143.150383,161,2905.978652
-121.526737,95,2909.000305
10.100624,82,2910.616879
29.681058,117,2912.270412
-196.210455,234,2915.114071
15.955088,102,2919.069496
-49.994408,96,2920.954347
-150.722126,162,2922.83854
-117.701186,149,2926.157363
-93.157818,155,2928.483069
-170.77862,168,2932.552981
-69.846733,135,2936.234703
-108.908748,68,2938.466766
-0.827348,122,2939.816691
-202.348651,127,2941.910493
-102.877862,142,2944.635587
-87.738078,82,2946.828851
-7.625205,99,2948.564769
-90.925175,98,2950.266696
-1.122628,125,2952.802128
-125.002058,248,2955.082623
-24.728133,149,2958.857884
-15.331985,65,2961.298059
-64.356979,156,2962.348076
-15.426439,119,2964.816101
38.718626,111,2966.93394
-55.330864,124,2968.455961
17.391271,80,2970.485891
-85.708501,71,2971.778555
-154.848431,204,2975.714789
13.041924,216,2979.044355
-53.888771,299,2982.011449
-16.013012,112,2985.902767
4.465173,155,2987.591889
-136.046058,89,2990.026655
9.524069,64,2991.489392
-64.046606,111,2992.676529
-100.266481,217,2994.223824
-140.746028,69,2997.512818
-128.490555,309,2998.698679
-112.29671,266,3003.38134
-70.092048,106,3006.893762
-118.851456,98,3008.653879
-83.666853,58,3010.393819
-88.014938,104,3011.066389
2.540855,157,3013.001352
-98.513957,166,3015.486778
-77.309327,293,3018.95929
2.324879,100,3023.432355
-124.581773,75,3025.509212
-77.282691,115,3026.474469
-77.231183,181,3027.685282
-123.007502,300,3029.488243
-34.985904,98,3032.196522
-38.897079,175,3033.243886
-27.706242,101,3034.917021
-148.168912,169,3035.922454
-138.822373,122,3037.42068
-31.631023,160,3038.521464
-44.948896,145,3039.96788
166.728075,111,3041.363126
-78.732766,194,3042.936896
-38.732359,99,3045.098975
-133.935388,116,3046.193778
-90.732322,130,3047.429226
-130.491297,254,3048.912044
-153.857613,127,3051.830323
-156.904559,191,3053.250264
-133.881608,53,3055.05084
-188.014254,139,3055.742825
-91.269095,116,3057.149832
-165.400588,162,3058.30284
-179.751278,157,3059.854604
-18.517457,177,3061.302744
-71.723129,73,3062.800475
-65.246518,153,3063.541713
-66.862605,111,3065.061482
-123.279771,78,3066.068383
-66.327863,143,3066.878387
-46.032123,53,3068.556474
1.474659,121,3069.519523
-49.632098,91,3070.849827
-146.636969,415,3071.958821
-111.88878,207,3076.707247
-36.524388,86,3078.601215
-41.269315,129,3079.449853
-213.736195,103,3080.701363
-158.172531,270,3081.847183
21.250308,113,3084.255702
-118.349257,166,3085.353913
5.435617,77,3086.860999
13.142768,117,3087.601429
0.02965,123,3088.78413
-62.71336,73,3089.847511
-102.637934,126,3090.60695
15.780507,256,3091.888352
-126.924319,78,3095.354015
-121.753861,234,3096.226882
-90.822082,62,3098.44644
-127.571104,187,3099.192384
-66.100603,62,3100.792309
12.15446,110,3101.404836
-139.821852,129,3102.716027
-174.712553,83,3103.995574
-39.799929,82,3104.78779
-42.73299,162,3105.622855
-69.241705,363,3107.330147
-129.937849,187,3110.599649
-42.298109,85,3112.286079
-155.164461,136,3113.129947
-80.900344,186,3114.418565
-120.070945,168,3116.295319
-92.422109,107,3118.074987
-53.535634,147,3119.113417
-26.886045,216,3120.518108
7.8613,184,3122.632334
-5.838524,69,3125.363453
-19.149697,193,3126.415612
-111.892132,121,3128.657443
-0.662675,84,3130.082397
-0.635461,103,3131.634551
-72.687244,128,3133.336782
-11.820285,86,3134.726976
-20.836219,134,3135.618742
-175.651496,287,3137.002639
-139.103987,177,3140.216499
-87.32253,138,3142.683692
-127.324442,130,3144.21287
-98.562541,83,3145.551406
-77.025522,388,3146.588161
0.454533,95,3149.875616
-125.670059,69,3150.882811
-92.358821,110,3151.644737
-125.52321,136,3153.010055
-139.800724,201,3154.513298
-102.084945,175,3156.41693
-14.339839,95,3158.15669
-32.082775,87,3159.196851
-55.725543,214,3160.151686
-146.605259,126,3162.266182
-170.513519,117,3164.29719
-66.735348,282,3165.8685
3.092962,69,3168.919493
-7.057313,103,3169.684849
-121.401088,133,3170.887335
5.158807,158,3172.160905
-141.026285,117,3173.913453
3.578751,99,3175.1614
-138.02617,140,3176.061843
-115.816274,89,3177.213296
-139.301192,192,3178.091233
-165.795823,142,3179.58269
-126.01133,238,3181.154807
-16.392931,51,3183.498308
-118.471015,380,3184.358291
-163.251024,220,3188.059432
-126.731355,64,3189.931709
-23.373612,120,3190.582592
-104.177814,87,3191.679306
-59.759785,90,3192.573712
17.476997,105,3193.995045
-112.289381,141,3195.053708
-64.411748,121,3196.394594
-2.366485,183,3197.626215
-154.364656,64,3199.191583
-142.491229,163,3199.86724
-2.201265,167,3202.866954
-183.548193,163,3204.470125
-66.076626,141,3206.068085
-136.321765,150,3207.438035
25.52287,107,3209.148101
-124.478789,154,3210.478355
-77.802824,120,3212.01208
-151.366372,99,3213.185097
-43.080603,134,3214.203429
-153.671128,142,3215.489609
-209.762632,162,3216.886412
-148.771648,108,3218.401067
-167.074525,142,3219.466584
20.699528,73,3220.84609
-27.601741,125,3221.542729
-52.082501,120,3223.142326
-120.399067,313,3224.60671
-83.251524,79,3227.07866
-113.028243,146,3227.820992
-143.590458,214,3229.135253
-42.187129,156,3231.030016
-93.55778,104,3232.512322
-116.288228,53,3233.417637
-165.877469,157,3234.010372
-83.165764,258,3235.502398
-56.125295,69,3237.731778
-120.60206,75,3238.363935
-81.594824,82,3239.042989
-53.477033,179,3239.888237
-181.311474,110,3241.445246
2.223876,194,3242.520034
-65.342282,230,3244.330071
-21.959578,50,3246.285072
-13.478851,116,3246.801512
-133.964075,163,3248.054417
-156.447663,97,3249.638761
-9.892757,230,3250.687196
-4.421284,205,3253.465025
-112.649726,168,3255.215373
22.937575,142,3257.092296
17.575772,84,3258.543419
-58.678675,440,3259.63755
-4.451789,90,3263.627671
-32.348059,312,3264.800655
-41.370893,96,3267.515268
-118.92022,116,3268.432847
-2.908791,87,3269.472741
-172.948507,201,3270.358678
-119.11135,184,3272.173359
14.316495,141,3273.769358
-45.452543,130,3275.071804
-100.006801,82,3276.245376
-25.298295,171,3277.107338
-14.465234,244,3278.664485
-77.613503,197,3281.00804
-115.821568,127,3282.946754
-144.383371,112,3284.588758
-37.518468,74,3285.58208
-185.505767,223,3286.367865
-98.804809,183,3288.425223
-172.852153,93,3290.062561
-127.910657,130,3290.983639
-188.217252,183,3292.311127
-146.145954,95,3293.947786
-38.256742,149,3294.891242
0.531177,110,3296.261753
-104.771262,105,3297.310657
4.169897,76,3298.295045
3.107768,60,3299.01327
-34.46448,139,3300.843846
-4.006323,106,3302.157268
-154.444013,268,3303.421855
-61.25176,50,3305.869999
-109.63228,183,3306.481943
-11.948941,76,3308.100081
-124.268637,103,3308.84859
-84.85062,111,3309.924454
-117.792062,69,3310.95708
7.657837,128,3311.679816
32.693429,135,3313.753157
-69.320699,75,3315.075342
-46.211488,265,3316.097251
-16.021392,124,3318.449782
-55.756838,131,3319.7184
-135.942122,141,3320.973871
0.953644,108,3322.311083
-18.792692,72,3323.318413
-23.275075,144,3324.080977
-117.43134,194,3325.71733
-166.916967,106,3327.494827
-47.546929,133,3328.557295
4.025241,178,3329.877786
-91.350467,86,3331.458494
53.760395,121,3332.267313
-9.837888,88,3333.356052
-153.832665,456,3334.617445
-13.607319,199,3338.712586
-118.336474,235,3340.793364
-117.552401,238,3343.462839
17.998394,266,3345.766824
-27.038206,95,3348.180118
-78.295652,117,3349.080297
6.171256,110,3350.224581
7.15652,146,3351.246051
-45.910354,118,3352.526012
-42.487563,106,3353.60132
-239.009422,299,3354.822556
-111.1129,58,3357.440588
-57.223258,199,3358.131627
-25.108452,102,3359.935611
20.103019,99,3360.880213
25.548146,119,3361.791823
20.43971,116,3362.876574
-125.434558,298,3364.07638
-142.452384,114,3366.747845
-159.588075,115,3367.853878
-143.174414,119,3368.983954
-139.159686,368,3370.381788
-23.839718,131,3374.351624
-146.920605,158,3375.756346
-123.78387,131,3377.465612
-11.67215,113,3378.907451
6.205383,107,3380.17024
-11.244432,83,3381.334947
-22.293632,107,3382.301988
-39.84862,91,3383.452733
-135.429819,375,3384.833539
-132.662472,87,3388.610955
-122.697948,127,3389.607984
-103.313497,95,3390.843085
21.648142,186,3391.871803
-42.07413,111,3393.691841
-145.659678,163,3394.750828
-83.236576,150,3396.290671
-63.992457,292,3397.954356
-25.256163,192,3402.67733
-124.657139,132,3405.068706
34.541466,134,3406.387161
26.634842,176,3407.70987
-142.9609,90,3409.313339
-28.28486,124,3410.31729
-188.493667,240,3411.617387
-115.676793,136,3413.779931
-150.877634,120,3414.961893
-92.913537,144,3416.052062
58.600873,118,3417.372304
-171.825642,152,3418.560071
-181.763813,197,3420.011435
-90.406311,87,3421.806958
-15.144437,96,3422.653087
2.790171,185,3423.686693
-17.37865,218,3425.62561
-13.722088,176,3427.64631
-144.738676,157,3429.500775
-139.898336,218,3430.959353
-93.650303,73,3433.294309
-119.664915,140,3434.264849
-175.778458,188,3435.604477
3.100992,80,3437.283925
-60.851554,159,3438.100662
-96.768632,276,3439.753851
-2.729822,148,3442.166324
-46.961083,101,3443.600058
-156.209646,246,3444.693949
-22.821012,225,3447.037317
-103.142586,126,3449.283639
-81.923737,110,3450.495512
-140.93824,106,3451.607014
-86.890026,190,3452.740258
-5.203089,110,3454.720971
17.267977,103,3455.972237
-45.039407,177,3457.185006
-101.717817,190,3459.174824
-92.432169,71,3461.191368
-106.518483,153,3462.025242
-153.010502,274,3464.215621
-111.812416,192,3467.045994
-70.370974,152,3469.265832
-62.188916,101,3470.914105
166.170965,83,3472.010603
-11.722698,84,3472.951459
2.560318,83,3473.848292
-93.108548,241,3474.932745
-33.320491,112,3477.484066
28.780094,94,3478.671562
-105.75139,157,3479.716025
-147.195028,79,3481.23534
-141.507957,103,3482.019659
-108.745178,118,3483.033668
28.014911,125,3484.227307
-96.09236,93,3485.420946
-144.083331,123,3486.310815
-131.04003,126,3487.47098
28.653616,133,3488.662607
-92.542083,199,3489.990152
-142.037375,153,3491.924049
-121.167025,247,3494.010262
-6.293005,164,3496.410244
3.925564,261,3498.014808
-117.765833,127,3500.417734
-12.971762,87,3501.604686
-173.28607,189,3502.524492
-157.345317,96,3504.199729
-31.131659,148,3506.818532
-3.324128,184,3508.442446
-171.574631,148,3510.230148
-32.703906,158,3511.757731
-90.878264,197,3513.25962
-73.79213,182,3515.143012
-116.108012,252,3517.095017
-117.936053,165,3519.541629
-75.500429,92,3521.599353
-25.969688,152,3522.696446
10.359525,105,3524.604627
-176.951425,102,3525.655725
-144.465546,171,3526.935694
-108.565505,193,3528.727569
-76.092569,200,3530.918661
43.357284,181,3532.71475
-96.497812,283,3534.884531
-100.759811,127,3537.699486
-153.439593,167,3539.017692
-15.223152,79,3540.634064
-183.032293,232,3541.529914
-112.120991,105,3543.636004
7.468638,338,3544.892025
-144.553348,197,3548.137273
-140.540642,222,3550.181822
-118.124702,199,3552.322221
-84.876195,237,3554.999504
-91.260552,93,3557.34384
-140.565166,124,3558.272746
-82.08015,188,3559.552475
-150.445678,367,3561.628641
-125.829816,151,3565.006401
-143.153441,103,3566.51208
-11.669181,291,3567.748647
-123.174505,123,3570.470786
-92.798979,79,3571.623444
16.937861,280,3572.544508
-107.451672,153,3575.13299
-6.397393,252,3576.832014
-120.076838,148,3579.316586
-88.490771,124,3580.794848
30.845172,131,3582.024204
-120.386005,150,3583.685752
-108.515934,284,3585.334367
-151.743139,153,3587.851517
-87.109038,96,3589.302987
-31.719866,107,3590.217748
-116.484282,191,3591.322518
2.444473,163,3593.643897
-121.025017,116,3595.220485
-68.736908,82,3596.413794
-20.776112,84,3597.374597
-22.331096,237,3598.772924
-32.913487,188,3601.769658
-142.172063,179,3604.350041
-115.687505,134,3606.254172
-107.417879,80,3607.726281
-12.595944,129,3608.657224
-90.683506,147,3610.038154
-136.640407,141,3614.163192
-95.092548,107,3616.013808
-87.599542,165,3617.388861
-144.83896,129,3618.912003
-110.603893,166,3620.838813
-4.164424,123,3622.363112
-75.220591,109,3623.489501
14.874844,150,3624.525483
-145.066531,103,3625.994411
-43.451437,154,3627.0203
-78.964135,198,3628.57642
-131.691296,239,3630.524551
-131.689713,91,3632.733855
-2.403003,102,3633.703837
-107.900077,106,3634.73257
9.804831,101,3635.798132
-2.627331,111,3636.835587
-53.38823,110,3637.901529
-75.176155,116,3639.007209
-143.180188,112,3640.067314
-45.863202,86,3641.064602
-168.630967,128,3641.910137
-2.982712,77,3643.380606
-54.85807,164,3644.582428
9.087192,88,3646.104633
-90.161379,156,3646.988477
-10.237945,163,3648.503624
-218.695347,233,3650.138615
-109.206033,141,3652.318758
-10.137414,65,3653.5833
-121.945829,234,3654.340764
26.166105,101,3656.386106
-157.029843,117,3657.382807
-165.624551,111,3658.731142
-72.54503,201,3659.952258
-113.796489,150,3661.85285
-171.782124,305,3663.453371
-72.084811,85,3666.280533
-130.251099,150,3667.146234
-185.760625,149,3668.557996
-100.420491,211,3669.969414
13.345105,97,3671.76108
3.87708,168,3672.85349
-153.904018,102,3674.961282
-90.182261,278,3676.063773
-17.309891,139,3678.593532
-33.309388,134,3679.881142
-14.062757,188,3681.244161
-75.534932,129,3683.026468
-189.913165,166,3684.231084
-8.711461,160,3685.711977
-118.570758,167,3687.261323
-161.565426,194,3688.860606
-150.063702,129,3690.80959
-158.682923,241,3692.442331
-106.997764,234,3695.604513
-106.026124,214,3698.213408
-77.757691,124,3700.490915
18.151138,114,3701.794073
-126.408163,208,3703.220993
-143.09175,119,3705.609089
19.476077,103,3706.742552
-70.690147,274,3707.951378
-87.621611,87,3710.397858
-139.954111,106,3711.264616
-89.986288,151,3712.332427
-163.987238,239,3713.767612
-11.014526,150,3717.63102
-19.912644,207,3719.349885
10.74006,179,3721.655185
4.49866,81,3723.469476
-12.813558,67,3724.367413
-207.588185,303,3725.356776
-56.348094,166,3728.574325
-2.342746,67,3730.482199
-154.319236,88,3731.739944
-194.308582,171,3733.608513
-107.316547,191,3736.231436
-15.507027,141,3738.393194
1.079022,95,3739.905236
-169.623481,200,3740.833577
-84.842381,397,3743.342782
-65.699857,153,3748.050907
-124.067423,106,3749.700009
-57.108987,72,3750.672855
-136.399538,165,3751.430869
-10.22678,98,3752.875844
-107.856984,192,3753.962669
-212.131958,300,3756.121866
-85.601694,153,3759.759491
-77.353425,97,3761.195844
-119.470907,176,3762.338547
-28.483605,187,3764.855658
12.407208,98,3766.651701
-142.928724,216,3767.764426
-120.935188,116,3770.018804
20.982283,139,3771.203282
-24.032176,79,3772.525107
-116.33669,110,3773.569913
51.242241,200,3774.87916
-166.114077,96,3777.1692
-48.202942,85,3778.384099
-61.370494,143,3779.416509
2.096092,99,3780.97918
-151.63533,88,3782.145188
-167.24766,263,3783.359068
-148.352242,203,3785.959081
9.263929,154,3788.026616
8.184851,67,3789.46098
-113.393568,140,3790.209204
-6.164495,213,3791.727369
-124.236499,208,3794.468105
